date,region,lat,lon,rainfall_mm,tmax_c,tmin_c
2024-01-01,Mumbai,19.076,72.878,0.4742742205600986,25.18337833978213,16.622550188859062
2024-01-02,Mumbai,19.076,72.878,0.3169358142749266,23.703963055221966,16.690522129218536
2024-01-03,Mumbai,19.076,72.878,0.6233157798968607,25.051548028233448,18.10437258628242
2024-01-04,Mumbai,19.076,72.878,4.18767586329328,23.127738014054856,16.422738641320855
2024-01-05,Mumbai,19.076,72.878,0.5484576905741347,24.145567288201928,16.99767739736572
2024-01-06,Mumbai,19.076,72.878,0.7991578210999428,24.072473800826405,16.72981154309592
2024-01-07,Mumbai,19.076,72.878,1.1845663513372275,24.754650361671317,18.084836450948107
2024-01-08,Mumbai,19.076,72.878,2.5442493079917003,23.892334359246757,16.482540175989527
2024-01-09,Mumbai,19.076,72.878,0.6991080677658155,25.80434274354209,18.71318477741819
2024-01-10,Mumbai,19.076,72.878,0.6844687114309359,25.305374941749704,18.899978278712457
2024-01-11,Mumbai,19.076,72.878,2.9119916272372013,24.88379729615828,17.977145943470862
2024-01-12,Mumbai,19.076,72.878,2.2346277590623655,24.95941286144074,18.502543711898255
2024-01-13,Mumbai,19.076,72.878,1.9740495991922637,25.539788301454582,17.37406364557005
2024-01-14,Mumbai,19.076,72.878,1.3568872330400243,24.111871927996294,16.891758127014946
2024-01-15,Mumbai,19.076,72.878,6.234682082479127,26.141763668839577,17.79546785154693
2024-01-16,Mumbai,19.076,72.878,1.3818361064629763,25.789498696722266,19.35847996055655
2024-01-17,Mumbai,19.076,72.878,3.92965326645539,24.642180570885373,18.328561275891097
2024-01-18,Mumbai,19.076,72.878,1.6684910418721715,23.952662254646715,16.217100425845427
2024-01-19,Mumbai,19.076,72.878,3.216856840224497,26.26128604617929,18.91948392911006
2024-01-20,Mumbai,19.076,72.878,2.43714763593503,25.18593068461832,18.551350874664248
2024-01-21,Mumbai,19.076,72.878,1.0403362304044248,25.227698557088747,17.271026840617516
2024-01-22,Mumbai,19.076,72.878,3.3808615617415474,25.833452331607845,19.21804965873257
2024-01-23,Mumbai,19.076,72.878,3.3331854300178305,25.836828384126772,18.498189734491447
2024-01-24,Mumbai,19.076,72.878,2.099705837909305,24.35873742512772,16.3005777352442
2024-01-25,Mumbai,19.076,72.878,0.7224219786371138,25.152497915252017,17.849967872020503
2024-01-26,Mumbai,19.076,72.878,6.757996648574482,27.27125561802054,19.52436147401264
2024-01-27,Mumbai,19.076,72.878,1.963089719396442,26.12974586662963,19.801992376595546
2024-01-28,Mumbai,19.076,72.878,0.2132264856914901,26.975218193397325,19.49989822883989
2024-01-29,Mumbai,19.076,72.878,0.38079075402076495,26.210708590401232,19.396849559484995
2024-01-30,Mumbai,19.076,72.878,2.616145650363834,26.717661654549886,18.898863660452395
2024-01-31,Mumbai,19.076,72.878,3.0935052327257226,28.79713280019782,22.46522179692948
2024-02-01,Mumbai,19.076,72.878,3.696635270183117,25.903045662379682,18.391244436179885
2024-02-02,Mumbai,19.076,72.878,0.9362137190029426,25.843026740368337,19.35114749781986
2024-02-03,Mumbai,19.076,72.878,2.2172818959851246,26.44367755946782,19.694488637427973
2024-02-04,Mumbai,19.076,72.878,5.795676311816238,31.32795944872214,24.659486995342938
2024-02-05,Mumbai,19.076,72.878,0.908246766265105,28.322954128011293,20.672601251763034
2024-02-06,Mumbai,19.076,72.878,1.9060955824223513,28.004343467503354,21.857127652133467
2024-02-07,Mumbai,19.076,72.878,3.4688942890111103,27.10310740152258,18.763361045759094
2024-02-08,Mumbai,19.076,72.878,1.825182986282474,28.856112328922038,23.270456259785945
2024-02-09,Mumbai,19.076,72.878,3.5097878831585017,28.094115467269987,20.146160454136368
2024-02-10,Mumbai,19.076,72.878,1.0306073354072447,31.42178954440665,23.76468020102714
2024-02-11,Mumbai,19.076,72.878,6.592113725273084,30.16003043839326,23.46799121127795
2024-02-12,Mumbai,19.076,72.878,2.7981218532833356,28.43086320135047,21.787720962536135
2024-02-13,Mumbai,19.076,72.878,2.0648227235368872,27.857285055590626,20.99535538976832
2024-02-14,Mumbai,19.076,72.878,11.631314164463292,29.42216972038903,22.650830632071063
2024-02-15,Mumbai,19.076,72.878,9.869749121935211,29.24446080186244,23.129491769910352
2024-02-16,Mumbai,19.076,72.878,5.15021885967353,30.129593951001745,22.150018725625344
2024-02-17,Mumbai,19.076,72.878,0.6174782179301171,32.149142294043244,25.005526923417165
2024-02-18,Mumbai,19.076,72.878,2.4228050959566403,28.922002694026336,21.206221078861674
2024-02-19,Mumbai,19.076,72.878,6.4353089375688715,30.412501865928927,23.28174754710932
2024-02-20,Mumbai,19.076,72.878,5.055778798231758,30.693812183598435,24.20896321821992
2024-02-21,Mumbai,19.076,72.878,0.1455855661215836,29.7377649475609,21.762714499222
2024-02-22,Mumbai,19.076,72.878,1.4025737998805665,32.01112363095732,23.95000945676567
2024-02-23,Mumbai,19.076,72.878,3.9787859972430195,31.658327386367368,24.270991839700507
2024-02-24,Mumbai,19.076,72.878,2.798544755744363,31.875394119839836,25.94531260579403
2024-02-25,Mumbai,19.076,72.878,3.3992398373074124,31.115853757294477,24.309851190311456
2024-02-26,Mumbai,19.076,72.878,4.737336767421573,31.64499569075683,24.827578354867953
2024-02-27,Mumbai,19.076,72.878,24.170790080032273,30.6613493249983,23.431442635758962
2024-02-28,Mumbai,19.076,72.878,0.603262258285958,32.20952918989283,26.174212086603415
2024-02-29,Mumbai,19.076,72.878,1.856275632377791,29.396169292183725,22.2660365557478
2024-03-01,Mumbai,19.076,72.878,1.1904413433046555,34.764657382507224,27.341105840614365
2024-03-02,Mumbai,19.076,72.878,1.562375913255452,30.136833091904876,21.963196895592084
2024-03-03,Mumbai,19.076,72.878,20.559499281040672,31.060709717571633,25.530240540228686
2024-03-04,Mumbai,19.076,72.878,31.43348076627228,32.06158473925649,25.334829180008896
2024-03-05,Mumbai,19.076,72.878,16.48774508864455,32.33151269299738,25.953382753846775
2024-03-06,Mumbai,19.076,72.878,6.521341138501519,32.58320363647047,24.483286989774488
2024-03-07,Mumbai,19.076,72.878,3.4882927877801415,33.13577891432011,25.6915171392649
2024-03-08,Mumbai,19.076,72.878,6.835781108626951,33.15237471920742,26.433779845926786
2024-03-09,Mumbai,19.076,72.878,4.738028307471279,32.20384257605189,25.45703798539054
2024-03-10,Mumbai,19.076,72.878,4.120137454732922,35.05663247212719,28.36530971417239
2024-03-11,Mumbai,19.076,72.878,1.9542534789595847,33.57581141729602,25.68588223970929
2024-03-12,Mumbai,19.076,72.878,12.185845280290925,33.92721670410298,25.531547914523628
2024-03-13,Mumbai,19.076,72.878,10.132242391002624,32.10184918412002,24.72462933816006
2024-03-14,Mumbai,19.076,72.878,5.933518564472662,33.1616793759216,26.078888761468832
2024-03-15,Mumbai,19.076,72.878,3.6185356720932984,35.350496435982876,26.29716968323784
2024-03-16,Mumbai,19.076,72.878,3.693382443491185,34.00673436739631,26.70920270233928
2024-03-17,Mumbai,19.076,72.878,0.3822680222873034,35.785530161249625,27.558441037316715
2024-03-18,Mumbai,19.076,72.878,9.882864449090219,33.694547302657774,25.852228494094614
2024-03-19,Mumbai,19.076,72.878,3.365943822038943,34.51694018156581,28.90278946589376
2024-03-20,Mumbai,19.076,72.878,12.49848957865657,35.95422300511176,29.305417532102396
2024-03-21,Mumbai,19.076,72.878,9.702530980374977,33.97918124446065,26.421242185820425
2024-03-22,Mumbai,19.076,72.878,10.97389017557046,34.87000229367892,27.717481447674796
2024-03-23,Mumbai,19.076,72.878,12.52449883879506,36.14180500376819,29.72642475667911
2024-03-24,Mumbai,19.076,72.878,0.5729577502307492,32.57042933827905,25.155805464386027
2024-03-25,Mumbai,19.076,72.878,15.796309718630848,33.151866299456536,25.340892406304217
2024-03-26,Mumbai,19.076,72.878,4.953396261428662,33.192879068815145,26.44248664605614
2024-03-27,Mumbai,19.076,72.878,12.420223847177526,31.250274984775356,24.493768367999564
2024-03-28,Mumbai,19.076,72.878,5.141016024111963,35.93475749305174,27.284166871607948
2024-03-29,Mumbai,19.076,72.878,2.540981348964447,32.08679006496189,26.267549303404696
2024-03-30,Mumbai,19.076,72.878,6.709231206421081,33.28289532652644,26.93390627849941
2024-03-31,Mumbai,19.076,72.878,11.632523026237427,34.22658039112576,27.44285498255114
2024-04-01,Mumbai,19.076,72.878,1.791711655662421,33.7335187950229,27.0402338865057
2024-04-02,Mumbai,19.076,72.878,11.019999611169858,33.73179145789779,27.91695589602497
2024-04-03,Mumbai,19.076,72.878,2.0848305663219753,34.08387846068269,27.759386613070948
2024-04-04,Mumbai,19.076,72.878,4.786816370847618,34.8226743976944,28.496130451206447
2024-04-05,Mumbai,19.076,72.878,7.728122876543129,33.49589679405178,24.89307896039857
2024-04-06,Mumbai,19.076,72.878,16.428939046323503,33.813339048777216,27.860979596665636
2024-04-07,Mumbai,19.076,72.878,0.5267384719535684,31.69843409654908,24.06312506452874
2024-04-08,Mumbai,19.076,72.878,6.932674942829534,33.881953022917244,25.75174031580335
2024-04-09,Mumbai,19.076,72.878,2.8220122420188294,34.317680755105464,27.42827390075241
2024-04-10,Mumbai,19.076,72.878,8.89632907119143,34.03087393824354,26.46713532794763
2024-04-11,Mumbai,19.076,72.878,3.827819077599221,34.29353596758978,26.978543029810126
2024-04-12,Mumbai,19.076,72.878,7.253362621560926,33.07670696875791,26.74032220237717
2024-04-13,Mumbai,19.076,72.878,0.6413712942754868,32.30755732592548,25.90710444570767
2024-04-14,Mumbai,19.076,72.878,3.359219532211134,34.32723135272315,28.389380258537308
2024-04-15,Mumbai,19.076,72.878,4.1610117372911954,32.79626673586472,26.879135447520238
2024-04-16,Mumbai,19.076,72.878,4.822788577634265,32.08971685527866,23.905287645226647
2024-04-17,Mumbai,19.076,72.878,1.5899729311961954,33.65169511180343,28.028310976736215
2024-04-18,Mumbai,19.076,72.878,0.7378091765246855,31.31864365171299,24.69840132248355
2024-04-19,Mumbai,19.076,72.878,3.7784960689701004,33.556809857599575,26.07280928735259
2024-04-20,Mumbai,19.076,72.878,2.4157942681586446,31.5290760380882,24.87138839064413
2024-04-21,Mumbai,19.076,72.878,3.4914370196916606,32.61584683557999,26.67237616000252
2024-04-22,Mumbai,19.076,72.878,2.9365379929439466,33.3256559343483,26.060465396670494
2024-04-23,Mumbai,19.076,72.878,10.381494813282133,31.747362571720565,25.0263832869576
2024-04-24,Mumbai,19.076,72.878,17.67439231536397,31.844184580475247,24.972337055128907
2024-04-25,Mumbai,19.076,72.878,9.872809995700374,32.013447511281875,24.99275723291879
2024-04-26,Mumbai,19.076,72.878,5.327455518014501,29.555933450318935,20.8975467015259
2024-04-27,Mumbai,19.076,72.878,1.0295763812603782,30.958234625422893,25.508019555366506
2024-04-28,Mumbai,19.076,72.878,9.717726953897957,31.57115030166336,24.2454877125831
2024-04-29,Mumbai,19.076,72.878,2.8756119193419574,31.738116932852954,24.46671014574574
2024-04-30,Mumbai,19.076,72.878,9.180187175143235,30.84149916492543,25.919638146202097
2024-05-01,Mumbai,19.076,72.878,4.600657548584803,30.78026288624075,24.244884562504588
2024-05-02,Mumbai,19.076,72.878,3.482857054508241,29.569571006493586,22.91381209365963
2024-05-03,Mumbai,19.076,72.878,1.3835257829862984,31.07261063574321,24.605078824793953
2024-05-04,Mumbai,19.076,72.878,8.798693940930114,29.82517703021982,23.188349493666777
2024-05-05,Mumbai,19.076,72.878,2.5689020463563144,27.80061232574317,20.532126431248255
2024-05-06,Mumbai,19.076,72.878,10.349060046170283,28.963331188855236,20.76132842402252
2024-05-07,Mumbai,19.076,72.878,19.266134736798417,28.982621351827053,22.3546855194273
2024-05-08,Mumbai,19.076,72.878,0.40974960223309964,29.600084759038563,22.531204237581722
2024-05-09,Mumbai,19.076,72.878,6.522925809036483,30.108721036212625,22.55802321042802
2024-05-10,Mumbai,19.076,72.878,6.9565942372669465,27.96819471093385,20.258038186362203
2024-05-11,Mumbai,19.076,72.878,9.339988415347023,30.6424428475357,23.288414278021953
2024-05-12,Mumbai,19.076,72.878,9.93686072760387,29.093266152121494,23.345040569457417
2024-05-13,Mumbai,19.076,72.878,2.1187103261300373,28.07091280559181,21.43277996610632
2024-05-14,Mumbai,19.076,72.878,0.36544021239065905,27.788938707137824,21.707188835724676
2024-05-15,Mumbai,19.076,72.878,0.03478722098469041,26.23866473965615,18.57768116656499
2024-05-16,Mumbai,19.076,72.878,3.6636925765427106,27.786234290926924,20.658886393822876
2024-05-17,Mumbai,19.076,72.878,3.4539351397033147,28.767476139975567,22.297608916283956
2024-05-18,Mumbai,19.076,72.878,3.978759807674291,28.105244088491876,22.73330273067673
2024-05-19,Mumbai,19.076,72.878,2.520911910339466,26.67711879757813,18.851308661115862
2024-05-20,Mumbai,19.076,72.878,0.5768473926857953,26.79836445695943,19.087326606374695
2024-05-21,Mumbai,19.076,72.878,2.463526240145233,27.311729198350253,19.699300976406484
2024-05-22,Mumbai,19.076,72.878,5.562840483620475,26.89638145096347,19.3740485352317
2024-05-23,Mumbai,19.076,72.878,4.136583338074427,25.19013692727369,18.135752722486167
2024-05-24,Mumbai,19.076,72.878,3.1722327515204363,26.998156475969804,18.834298487763572
2024-05-25,Mumbai,19.076,72.878,7.144927136849531,26.312494861285366,19.603258331556624
2024-05-26,Mumbai,19.076,72.878,1.771362370307303,27.320867826353414,21.918705050951807
2024-05-27,Mumbai,19.076,72.878,0.5585328045723067,26.59729669630303,20.886189615102726
2024-05-28,Mumbai,19.076,72.878,0.5092379030278393,28.354755435391315,20.0333481168479
2024-05-29,Mumbai,19.076,72.878,0.4537437651548573,25.402377776703396,19.052458806906312
2024-05-30,Mumbai,19.076,72.878,2.761411644533571,26.50708545368435,19.04505434379983
2024-05-31,Mumbai,19.076,72.878,6.0755589077616445,24.989954498744485,18.42285978738811
2024-06-01,Mumbai,19.076,72.878,4.102160390966072,23.600430807421027,17.030858359363627
2024-06-02,Mumbai,19.076,72.878,0.6146139098588208,23.788035190119004,17.145092908153455
2024-06-03,Mumbai,19.076,72.878,0.8254463800129008,26.23073805565097,19.424053672992372
2024-06-04,Mumbai,19.076,72.878,1.032105529303336,24.727425900226585,17.753112039403334
2024-06-05,Mumbai,19.076,72.878,2.5232294667886657,25.70818850531132,18.281426627579542
2024-06-06,Mumbai,19.076,72.878,1.2590399764787745,23.78543721097982,14.855212946236225
2024-06-07,Mumbai,19.076,72.878,6.6633790585935255,24.443964665157495,15.894494232661346
2024-06-08,Mumbai,19.076,72.878,1.3594032638806863,24.60348480161639,16.71277436807891
2024-06-09,Mumbai,19.076,72.878,3.0710607663502105,22.9442910992106,16.503648484566508
2024-06-10,Mumbai,19.076,72.878,8.306231822589783,24.24416518548475,17.130562613958734
2024-06-11,Mumbai,19.076,72.878,3.066608837619161,23.040695489205103,14.656158204799327
2024-06-12,Mumbai,19.076,72.878,2.050675871972183,26.70510521666139,19.565767029617426
2024-06-13,Mumbai,19.076,72.878,6.30815356415385,25.12000493177227,18.375525142805255
2024-06-14,Mumbai,19.076,72.878,0.6375295864579579,25.803481024426127,18.544447660996845
2024-06-15,Mumbai,19.076,72.878,0.15824321591717241,23.20438238199638,15.930509631065272
2024-06-16,Mumbai,19.076,72.878,1.5453918524044017,22.29307347516279,15.678726943583209
2024-06-17,Mumbai,19.076,72.878,0.9526443590657614,25.124058952749202,18.341954756968594
2024-06-18,Mumbai,19.076,72.878,0.7495106587659178,25.141467901866797,18.42094839991514
2024-06-19,Mumbai,19.076,72.878,9.035401489815927,24.56591750408482,17.432375159997967
2024-06-20,Mumbai,19.076,72.878,3.272647489704775,25.570888127500506,18.153829792590678
2024-06-21,Mumbai,19.076,72.878,1.0245493244913702,24.99193245082276,19.190632003060145
2024-06-22,Mumbai,19.076,72.878,0.9938208678676377,24.400054699250934,17.203445499240612
2024-06-23,Mumbai,19.076,72.878,3.581269847106514,23.01737112994869,15.391438062779532
2024-06-24,Mumbai,19.076,72.878,0.025342851442758475,22.903565259293845,15.74268153567878
2024-06-25,Mumbai,19.076,72.878,4.017846713839672,22.763201140581536,15.717637507610712
2024-06-26,Mumbai,19.076,72.878,3.8414819265137568,22.912004264223967,16.358843431643347
2024-06-27,Mumbai,19.076,72.878,1.2846702420009424,23.998920505539022,17.560251424010676
2024-06-28,Mumbai,19.076,72.878,0.4755256089335419,23.779144262411616,15.806431523128312
2024-01-01,Pune,18.52,73.856,8.35770524344428,32.10978587125198,25.032842721713315
2024-01-02,Pune,18.52,73.856,11.571259851916873,31.451053068939817,23.7127439154236
2024-01-03,Pune,18.52,73.856,14.432509320773118,34.07312313391865,26.160994398617664
2024-01-04,Pune,18.52,73.856,1.171491561691928,33.122535601378715,26.561526656470015
2024-01-05,Pune,18.52,73.856,3.70043122331759,33.1376757883859,26.75988969965384
2024-01-06,Pune,18.52,73.856,8.867995080485372,30.141727154244563,23.94312347236577
2024-01-07,Pune,18.52,73.856,11.625816723241863,30.492486907601393,23.571714764407155
2024-01-08,Pune,18.52,73.856,9.57469828234448,33.22514898383489,25.927775626566337
2024-01-09,Pune,18.52,73.856,1.555574005291783,32.12338389617983,24.31132957159678
2024-01-10,Pune,18.52,73.856,10.908851173310431,33.38119148183857,26.892892609436892
2024-01-11,Pune,18.52,73.856,6.316122444130687,32.986192660214506,26.578204049257973
2024-01-12,Pune,18.52,73.856,7.338438366474177,29.948065289731893,23.014962151660338
2024-01-13,Pune,18.52,73.856,2.2888399765993204,33.96746720713979,28.350663479848354
2024-01-14,Pune,18.52,73.856,12.20342667488678,33.42733277548359,26.436975319965054
2024-01-15,Pune,18.52,73.856,4.900063891964538,32.136848173486456,25.18515691622599
2024-01-16,Pune,18.52,73.856,0.7794079155221079,31.415417750205407,25.85346668352112
2024-01-17,Pune,18.52,73.856,8.462179236112785,31.657213237047962,24.69258313953132
2024-01-18,Pune,18.52,73.856,3.186994609910196,31.022107776411506,23.425229171089494
2024-01-19,Pune,18.52,73.856,0.8179371704792079,31.514904718735004,23.08553870964054
2024-01-20,Pune,18.52,73.856,3.369049839255433,32.15598072161972,25.97665019592791
2024-01-21,Pune,18.52,73.856,3.8941992170456396,29.42170227503366,22.697386198833946
2024-01-22,Pune,18.52,73.856,5.2295258378549025,31.877246917821008,24.771463992596072
2024-01-23,Pune,18.52,73.856,0.7811641910518163,30.651181945484936,23.489515349173413
2024-01-24,Pune,18.52,73.856,1.9331757710241928,29.617294280764654,22.114841413784355
2024-01-25,Pune,18.52,73.856,4.713999212936919,30.34501902412727,23.56358224240897
2024-01-26,Pune,18.52,73.856,0.8799978176806411,31.606194457968144,23.676530847780715
2024-01-27,Pune,18.52,73.856,3.5242332349938508,29.56742428145431,23.53877614459711
2024-01-28,Pune,18.52,73.856,11.468391251041377,29.079621403777775,21.477307869994878
2024-01-29,Pune,18.52,73.856,1.193513771317266,31.074551179016595,25.544460519406613
2024-01-30,Pune,18.52,73.856,2.310386506823587,29.22999971571186,23.632952537072725
2024-01-31,Pune,18.52,73.856,2.923284488362688,29.451388209360463,24.99447115285449
2024-02-01,Pune,18.52,73.856,6.52149236631352,30.00111156759423,22.711645537926756
2024-02-02,Pune,18.52,73.856,1.8456146731219638,28.70130909899772,21.924169830607163
2024-02-03,Pune,18.52,73.856,3.0781426397675133,29.000067097458317,20.450493551293984
2024-02-04,Pune,18.52,73.856,5.349241603059316,26.586071909560385,19.53934291447344
2024-02-05,Pune,18.52,73.856,3.170653235553745,29.141624289478038,21.06788415638131
2024-02-06,Pune,18.52,73.856,1.8820689590546773,27.91707895770238,21.14017038542017
2024-02-07,Pune,18.52,73.856,0.8651913652300551,27.87843540712796,19.364878404478432
2024-02-08,Pune,18.52,73.856,0.137544341554652,27.368979230909314,20.286243140049606
2024-02-09,Pune,18.52,73.856,2.636726434370285,28.604291081197985,20.71540716046394
2024-02-10,Pune,18.52,73.856,0.6385176226737371,27.648650675563278,21.644608578480433
2024-02-11,Pune,18.52,73.856,1.6611113921564578,25.094067176947295,17.427637798710485
2024-02-12,Pune,18.52,73.856,1.407594404758048,27.02433141087009,19.77493434621213
2024-02-13,Pune,18.52,73.856,6.002912136839038,25.78489141716948,19.16799184798585
2024-02-14,Pune,18.52,73.856,0.31467399449139777,26.787032086893,19.669078094958465
2024-02-15,Pune,18.52,73.856,8.318372222603989,28.98346746376098,21.8031223043785
2024-02-16,Pune,18.52,73.856,0.4785103858715267,25.069789140956352,17.46838446270555
2024-02-17,Pune,18.52,73.856,3.3148036675450436,25.468070732977253,19.257994849014374
2024-02-18,Pune,18.52,73.856,5.86441092253716,24.915952021859493,18.33948274756007
2024-02-19,Pune,18.52,73.856,6.624059154425631,25.550316267244465,17.856712062185725
2024-02-20,Pune,18.52,73.856,2.4355152552850927,25.59650290653165,20.10224281069489
2024-02-21,Pune,18.52,73.856,1.8008622708848663,25.385161023891904,18.445731654257372
2024-02-22,Pune,18.52,73.856,2.1037089910296483,26.93430970857618,21.252224906658842
2024-02-23,Pune,18.52,73.856,2.7305662521906067,24.031180123716616,16.96087872978412
2024-02-24,Pune,18.52,73.856,4.459731054088307,25.546797243191484,19.255912410845845
2024-02-25,Pune,18.52,73.856,3.0730470488243897,25.525261153554258,18.24070250109743
2024-02-26,Pune,18.52,73.856,2.644024065358883,25.527314131750465,15.608583871578638
2024-02-27,Pune,18.52,73.856,0.16672633968474146,25.53549825324436,17.605555229132413
2024-02-28,Pune,18.52,73.856,0.8569495015468603,24.28115780791328,19.07549405783567
2024-02-29,Pune,18.52,73.856,1.8418731631947856,26.706815684216817,19.811637377171554
2024-03-01,Pune,18.52,73.856,0.5623524433689749,24.63356374953218,16.541770427770928
2024-03-02,Pune,18.52,73.856,1.3815988244005066,25.700523935064304,18.72821343441251
2024-03-03,Pune,18.52,73.856,1.323532257901256,24.779410370394558,18.27286173014638
2024-03-04,Pune,18.52,73.856,0.5407266227518341,25.76311667476179,18.433247176998005
2024-03-05,Pune,18.52,73.856,0.2746334551454113,24.924941752971137,16.70036954716577
2024-03-06,Pune,18.52,73.856,2.1037959608161603,24.7552003816704,18.260785568679516
2024-03-07,Pune,18.52,73.856,0.2745522791149096,23.885550575288903,16.499318448309186
2024-03-08,Pune,18.52,73.856,3.4957495312166174,26.3504847333336,20.402331030538324
2024-03-09,Pune,18.52,73.856,1.4794993138075836,25.071825917551898,18.168768276991468
2024-03-10,Pune,18.52,73.856,1.851800342007322,24.04080408146707,16.45737453236814
2024-03-11,Pune,18.52,73.856,1.056230776683668,24.08179533561981,17.35396331711448
2024-03-12,Pune,18.52,73.856,2.9078221319306086,24.957957763046593,18.26103184581331
2024-03-13,Pune,18.52,73.856,0.35014065460918353,23.427853106805884,15.103776832257736
2024-03-14,Pune,18.52,73.856,0.4669099671733714,24.075698320588764,16.856617916151773
2024-03-15,Pune,18.52,73.856,1.1336495648119487,24.411360091764873,17.6641983882803
2024-03-16,Pune,18.52,73.856,2.322593539339368,21.470472422165578,14.17892182035401
2024-03-17,Pune,18.52,73.856,0.04165996315361176,23.997055349382997,17.833481169214743
2024-03-18,Pune,18.52,73.856,4.244793861864151,23.410868650866266,16.798997540902857
2024-03-19,Pune,18.52,73.856,0.9183506304123845,25.20943051191732,17.76321343512578
2024-03-20,Pune,18.52,73.856,3.2308616058649338,22.901141710097505,16.680257012671426
2024-03-21,Pune,18.52,73.856,2.987982081551601,23.15896329937482,15.471598484514363
2024-03-22,Pune,18.52,73.856,0.9224958725957487,22.959862681508802,16.3098724804047
2024-03-23,Pune,18.52,73.856,0.35427639686949086,24.27701345969607,19.233117575743204
2024-03-24,Pune,18.52,73.856,0.284656706490316,24.369984861066648,17.698922395479418
2024-03-25,Pune,18.52,73.856,1.876653384256695,24.056349681249756,18.219589826415724
2024-03-26,Pune,18.52,73.856,1.050857100906531,23.523927490881707,16.475726013760678
2024-03-27,Pune,18.52,73.856,0.47977956621662055,26.093445088435793,19.03156014457911
2024-03-28,Pune,18.52,73.856,1.4261888032423355,24.151922646335787,15.877687238558565
2024-03-29,Pune,18.52,73.856,0.6177275904261025,26.08324096449498,21.330609653478582
2024-03-30,Pune,18.52,73.856,0.9512082396938393,24.87176143917015,17.75076332177305
2024-03-31,Pune,18.52,73.856,2.6823319336603406,24.795952661505886,17.46928613124455
2024-04-01,Pune,18.52,73.856,0.3042251292765651,25.536874363113657,18.315514291045087
2024-04-02,Pune,18.52,73.856,0.9856938142377348,25.801576258133576,18.945867412554694
2024-04-03,Pune,18.52,73.856,1.7822150754031425,25.540861582131242,19.319792391206516
2024-04-04,Pune,18.52,73.856,5.323780256046918,25.788986126035383,19.26766376369529
2024-04-05,Pune,18.52,73.856,3.13946647299457,26.002418367577917,17.917767190676674
2024-04-06,Pune,18.52,73.856,0.8255305175600757,26.283974799776885,20.473893431525575
2024-04-07,Pune,18.52,73.856,1.5537756172403765,25.10588346620244,18.1875085039949
2024-04-08,Pune,18.52,73.856,2.2492081556995944,25.08397394915373,18.36560152659607
2024-04-09,Pune,18.52,73.856,0.6713144342906322,25.648561967540925,18.04871129691331
2024-04-10,Pune,18.52,73.856,1.709996792432652,25.45206655601452,19.869139549828667
2024-04-11,Pune,18.52,73.856,2.007519669151205,23.394660205478917,15.679294323895336
2024-04-12,Pune,18.52,73.856,1.72893749568072,27.708761848074552,20.57681162775758
2024-04-13,Pune,18.52,73.856,6.533277083823414,26.238090773365485,19.167053615195485
2024-04-14,Pune,18.52,73.856,2.3572967832023193,23.55600851981069,14.954771924259745
2024-04-15,Pune,18.52,73.856,1.3441394544574465,27.31703208288324,20.69550184130522
2024-04-16,Pune,18.52,73.856,1.6436497388072258,27.877566018496616,21.024812283513867
2024-04-17,Pune,18.52,73.856,5.61776045474189,26.122850338320717,19.68110380952072
2024-04-18,Pune,18.52,73.856,2.8279468795315528,28.722157159812365,19.761459456980297
2024-04-19,Pune,18.52,73.856,0.4144850716588621,26.679174987973298,19.475488452160473
2024-04-20,Pune,18.52,73.856,0.35869198762613286,26.244849117908384,21.210788391569096
2024-04-21,Pune,18.52,73.856,10.68681769534188,27.006428714221332,19.087065516470698
2024-04-22,Pune,18.52,73.856,0.1561860560618449,26.412073108394857,19.34419268306525
2024-04-23,Pune,18.52,73.856,0.31756253128355016,27.956308943906006,21.249276622133156
2024-04-24,Pune,18.52,73.856,4.1836829775080915,28.973529118809427,21.333359761527948
2024-04-25,Pune,18.52,73.856,5.096336166854745,26.467472871038076,19.214514707373127
2024-04-26,Pune,18.52,73.856,4.153995821443546,28.122257215102245,22.347680327583088
2024-04-27,Pune,18.52,73.856,7.048069556320724,29.364756956638683,23.911791744789234
2024-04-28,Pune,18.52,73.856,13.424878555639562,27.526591428016225,21.714526457403306
2024-04-29,Pune,18.52,73.856,0.8963740171615002,28.229259099830834,21.565440467410504
2024-04-30,Pune,18.52,73.856,2.8893963632843556,28.178126203741527,20.608256552211362
2024-05-01,Pune,18.52,73.856,1.1942867337611545,29.518699162159468,23.22810640568326
2024-05-02,Pune,18.52,73.856,1.9754771095765826,28.479728828683236,19.358362160747873
2024-05-03,Pune,18.52,73.856,0.5757216580373129,26.81015144592314,18.853864266484656
2024-05-04,Pune,18.52,73.856,9.947063600126889,31.231845642553733,24.56063170407443
2024-05-05,Pune,18.52,73.856,6.826689523687641,30.48435508475474,24.067326472014216
2024-05-06,Pune,18.52,73.856,1.90239961783149,30.70644162818021,23.266799531276146
2024-05-07,Pune,18.52,73.856,0.9288816547522555,30.300974085179437,23.56258198021089
2024-05-08,Pune,18.52,73.856,1.49914871124188,31.050504431113247,24.545057002845486
2024-05-09,Pune,18.52,73.856,12.477133750311836,29.331338731312123,23.67820769894254
2024-05-10,Pune,18.52,73.856,2.1298172971692875,30.77963327630048,23.449913773534906
2024-05-11,Pune,18.52,73.856,0.2743691405128392,28.98988150555353,22.76372089422775
2024-05-12,Pune,18.52,73.856,12.714063192158582,31.384330827730142,23.80401761012376
2024-05-13,Pune,18.52,73.856,1.974427607838357,31.134081117247774,25.525799550792584
2024-05-14,Pune,18.52,73.856,2.3763402326273115,31.452927829127862,25.089550236923248
2024-05-15,Pune,18.52,73.856,2.503852350201949,31.35029168570919,23.68144599383256
2024-05-16,Pune,18.52,73.856,7.230558937850143,32.35098225254781,26.580554775681925
2024-05-17,Pune,18.52,73.856,12.937174766762197,32.23299080883865,24.73411025743208
2024-05-18,Pune,18.52,73.856,4.2313975593310635,33.87263031258374,27.163588832858107
2024-05-19,Pune,18.52,73.856,3.3596804243214864,29.463457382646883,20.852175306754653
2024-05-20,Pune,18.52,73.856,8.389100919355098,32.50464324344158,24.443526360786738
2024-05-21,Pune,18.52,73.856,4.172272417339837,33.32515532395404,26.460920560068292
2024-05-22,Pune,18.52,73.856,2.7241887796531725,29.909021867040412,23.11513420377734
2024-05-23,Pune,18.52,73.856,8.967252863816263,31.79408219449252,23.868110488705785
2024-05-24,Pune,18.52,73.856,1.4311463275295824,30.20585185017641,23.69726820086206
2024-05-25,Pune,18.52,73.856,8.500680037126772,29.845119622812824,22.047984722010913
2024-05-26,Pune,18.52,73.856,12.179027241838835,32.515120657279375,24.57112003450557
2024-05-27,Pune,18.52,73.856,8.978738718414222,33.522281776358525,26.9746501116938
2024-05-28,Pune,18.52,73.856,18.276391790532664,33.58925927774664,25.401214894444692
2024-05-29,Pune,18.52,73.856,12.079814463061018,32.56052859707622,25.542730361196853
2024-05-30,Pune,18.52,73.856,0.5578916842715813,34.48466289454973,27.719009953347562
2024-05-31,Pune,18.52,73.856,0.5331605961407564,34.299140057136,25.796749044363274
2024-06-01,Pune,18.52,73.856,1.291662215398795,33.81245057272958,27.142027838430984
2024-06-02,Pune,18.52,73.856,19.092704100205275,34.351963996241054,29.520560418015716
2024-06-03,Pune,18.52,73.856,3.778060326992032,34.14445769216465,27.495650515675766
2024-06-04,Pune,18.52,73.856,2.6886322506424167,36.465876666885215,29.727351443195634
2024-06-05,Pune,18.52,73.856,2.1021978734726265,33.62033153147296,26.41802637441869
2024-06-06,Pune,18.52,73.856,7.812028656140854,34.22591197688744,28.75627582307284
2024-06-07,Pune,18.52,73.856,7.2350416562814654,33.239835192075304,25.911563213399216
2024-06-08,Pune,18.52,73.856,3.686074823832586,34.9876304725913,26.601063190024114
2024-06-09,Pune,18.52,73.856,9.971879780510564,34.37413395665458,26.47254362849389
2024-06-10,Pune,18.52,73.856,13.954193702973637,35.101048664209266,26.889244843574435
2024-06-11,Pune,18.52,73.856,9.757811755415439,32.044927704126735,25.025489797110083
2024-06-12,Pune,18.52,73.856,6.695500284823046,34.1996233021389,27.432608435616807
2024-06-13,Pune,18.52,73.856,15.418810675818245,30.556024397127082,23.302073553256935
2024-06-14,Pune,18.52,73.856,4.074711328641226,34.113003237580266,28.11200945550867
2024-06-15,Pune,18.52,73.856,1.3137879358535132,32.898396911192066,25.360867292248326
2024-06-16,Pune,18.52,73.856,15.44907691992971,34.543353043070205,26.046378550221416
2024-06-17,Pune,18.52,73.856,19.665682382609454,33.75493325725529,27.215370465255205
2024-06-18,Pune,18.52,73.856,0.774514737423033,33.5643263787498,26.40107076671105
2024-06-19,Pune,18.52,73.856,2.8443463548089443,34.75985328494609,27.96457876502947
2024-06-20,Pune,18.52,73.856,8.450399671302039,34.50922689090214,27.17414789576211
2024-06-21,Pune,18.52,73.856,24.17267224738478,35.36768863406832,29.462014594645098
2024-06-22,Pune,18.52,73.856,1.8057370989862331,35.00441437525247,28.781325580710803
2024-06-23,Pune,18.52,73.856,4.852260363464666,33.50793760106829,26.820362078123907
2024-06-24,Pune,18.52,73.856,14.40980205324561,32.60909961709792,26.2686412670059
2024-06-25,Pune,18.52,73.856,10.229004733089434,34.53530474770603,27.318562243579784
2024-06-26,Pune,18.52,73.856,1.6006902711408404,31.610370271252012,24.799929160488773
2024-06-27,Pune,18.52,73.856,4.274974303984171,29.952832283580612,21.95497830782528
2024-06-28,Pune,18.52,73.856,11.652778682388748,33.85345155050003,25.740903206519828
2024-01-01,Delhi,28.614,77.209,4.147844847172935,36.742600955259874,30.955753035731398
2024-01-02,Delhi,28.614,77.209,3.5051808815610754,33.58219931885513,26.99011791763636
2024-01-03,Delhi,28.614,77.209,4.323915717551012,35.74860030542959,28.65723239200732
2024-01-04,Delhi,28.614,77.209,25.377061467962466,36.13941726084107,29.425272799009573
2024-01-05,Delhi,28.614,77.209,10.81047416832461,32.97548838621711,26.3432531502291
2024-01-06,Delhi,28.614,77.209,11.013835185489707,32.45319998762918,24.36499329459772
2024-01-07,Delhi,28.614,77.209,0.7526643357261693,34.119039038663374,28.019074176029793
2024-01-08,Delhi,28.614,77.209,4.729189669396806,33.74345198123624,26.613212783930155
2024-01-09,Delhi,28.614,77.209,3.1931534522711025,34.49098840931419,27.94163886812733
2024-01-10,Delhi,28.614,77.209,5.325227052572915,34.856763653692475,27.20917459857826
2024-01-11,Delhi,28.614,77.209,10.072335447822297,34.28429291498654,27.427285685615598
2024-01-12,Delhi,28.614,77.209,2.4431533385042488,33.10386427663891,25.246503215149513
2024-01-13,Delhi,28.614,77.209,3.2937436583794413,34.19302043939183,26.27295204406994
2024-01-14,Delhi,28.614,77.209,8.781499311193576,33.075005645727394,25.57532291915525
2024-01-15,Delhi,28.614,77.209,13.686718825494983,33.44358234489487,26.84255789775065
2024-01-16,Delhi,28.614,77.209,20.835313422152808,33.716538695841045,27.1550413995548
2024-01-17,Delhi,28.614,77.209,9.984541131470971,31.54798401378702,24.716217046655938
2024-01-18,Delhi,28.614,77.209,2.1113039690512294,33.114735510327804,24.567110921757312
2024-01-19,Delhi,28.614,77.209,0.9509012655184677,33.13268915857726,25.98198185676575
2024-01-20,Delhi,28.614,77.209,2.9471679446778962,34.76718129203221,27.630870553347325
2024-01-21,Delhi,28.614,77.209,0.1371004169193949,33.9054332794433,27.15294653556886
2024-01-22,Delhi,28.614,77.209,10.333549501562533,35.554386415919176,27.786844213405683
2024-01-23,Delhi,28.614,77.209,8.605933556726287,31.9273925956306,26.140487513010868
2024-01-24,Delhi,28.614,77.209,3.4258180233452515,33.22296031665772,26.13899379185758
2024-01-25,Delhi,28.614,77.209,13.218524383131774,30.691833156678914,23.04924108311755
2024-01-26,Delhi,28.614,77.209,7.172002143398179,30.833689316839646,23.254215301313085
2024-01-27,Delhi,28.614,77.209,2.3313158456649927,30.943978111283712,23.44128122478813
2024-01-28,Delhi,28.614,77.209,1.9287885201002037,33.44255514687818,26.325906780407124
2024-01-29,Delhi,28.614,77.209,2.8456191927697505,31.36402497932242,23.446559313588466
2024-01-30,Delhi,28.614,77.209,1.428797660492209,30.815978037628817,23.945625684879115
2024-01-31,Delhi,28.614,77.209,7.89194578468202,32.10661903411357,24.930670397900503
2024-02-01,Delhi,28.614,77.209,5.665177957898522,30.192715229812666,22.182803790726933
2024-02-02,Delhi,28.614,77.209,4.211836932230687,29.137000981596138,22.413582245437404
2024-02-03,Delhi,28.614,77.209,10.727997705502398,32.30785619311325,24.74540092839501
2024-02-04,Delhi,28.614,77.209,3.5547023487567286,28.684762889964592,22.438975530944813
2024-02-05,Delhi,28.614,77.209,1.2536738228521764,29.681562420745266,21.553586658278164
2024-02-06,Delhi,28.614,77.209,3.2803090855798875,31.643319208457687,25.00534994364136
2024-02-07,Delhi,28.614,77.209,5.174304190429465,32.92486886502038,25.07079384978447
2024-02-08,Delhi,28.614,77.209,3.6001846846976004,32.38831267143888,24.250901751963223
2024-02-09,Delhi,28.614,77.209,2.7238312835708203,31.31759834690694,24.47380877209076
2024-02-10,Delhi,28.614,77.209,2.968599392742624,30.88872399957555,23.686824699587962
2024-02-11,Delhi,28.614,77.209,3.492276336369499,29.56225325425417,22.98795675335932
2024-02-12,Delhi,28.614,77.209,4.833232645812221,30.900223776216567,23.937469754878855
2024-02-13,Delhi,28.614,77.209,6.830433332819931,30.268176660616497,24.173818491347838
2024-02-14,Delhi,28.614,77.209,0.05012770271803735,30.316012782343527,24.178287466939672
2024-02-15,Delhi,28.614,77.209,0.7626165332661542,29.86867602151526,22.85504571004529
2024-02-16,Delhi,28.614,77.209,4.376056211234671,27.4020525747216,21.18110783209545
2024-02-17,Delhi,28.614,77.209,3.3374845705958993,27.581111630307987,20.98355056500948
2024-02-18,Delhi,28.614,77.209,0.0350635310384902,27.381633771636373,20.424400101730352
2024-02-19,Delhi,28.614,77.209,2.8441228628822217,28.783275682637367,21.227964833720833
2024-02-20,Delhi,28.614,77.209,1.8398863990618306,29.4667222083536,22.15821822313507
2024-02-21,Delhi,28.614,77.209,2.4333353268674,29.11505429141911,20.70720172526274
2024-02-22,Delhi,28.614,77.209,5.8179233969852735,31.339374594184008,23.459266151204563
2024-02-23,Delhi,28.614,77.209,2.690398884259726,29.73148677945631,22.174517138192392
2024-02-24,Delhi,28.614,77.209,3.6018515904234407,28.46780365413568,20.908859305347814
2024-02-25,Delhi,28.614,77.209,2.625771578704423,28.12030278068027,21.480319319417735
2024-02-26,Delhi,28.614,77.209,2.2372984788935253,28.9743602271253,22.26598025751954
2024-02-27,Delhi,28.614,77.209,1.238159680355963,25.818762548307923,17.9984344460856
2024-02-28,Delhi,28.614,77.209,1.526689854488919,26.6852874489183,20.197458376381306
2024-02-29,Delhi,28.614,77.209,1.4960049721164332,27.118027758788585,20.81647303886278
2024-03-01,Delhi,28.614,77.209,1.472631309745342,26.93849942148673,18.83294019639582
2024-03-02,Delhi,28.614,77.209,1.4484807225869611,27.45643545186752,20.083820919981058
2024-03-03,Delhi,28.614,77.209,13.767300799695894,27.050402836720757,19.14804041791622
2024-03-04,Delhi,28.614,77.209,1.454967276042976,23.860132360260987,17.04959325369141
2024-03-05,Delhi,28.614,77.209,10.091002929695414,26.809744834911843,20.62968218941216
2024-03-06,Delhi,28.614,77.209,1.9976060235095248,23.617537450473773,17.13033002598975
2024-03-07,Delhi,28.614,77.209,2.061248681682763,26.354013455870408,18.887069170425463
2024-03-08,Delhi,28.614,77.209,1.2890712006864842,24.4531235918758,18.290975820734808
2024-03-09,Delhi,28.614,77.209,0.3662042408897219,28.227385933414794,22.12926974272873
2024-03-10,Delhi,28.614,77.209,2.3826641897354524,25.14914443526996,18.207764686938518
2024-03-11,Delhi,28.614,77.209,2.2071198203860787,25.61561075937746,18.44411067161337
2024-03-12,Delhi,28.614,77.209,0.31902691852498055,26.62257549339301,18.527908055352118
2024-03-13,Delhi,28.614,77.209,1.6950887598202276,25.53529771599127,18.224391171137814
2024-03-14,Delhi,28.614,77.209,6.475685818188276,23.70854797593742,17.24553038522838
2024-03-15,Delhi,28.614,77.209,0.8326578379644125,25.544858116253124,18.151460180469016
2024-03-16,Delhi,28.614,77.209,4.144127413359592,24.31577131259404,16.790674597755554
2024-03-17,Delhi,28.614,77.209,1.0406253370594072,25.708096713481126,20.076051876690784
2024-03-18,Delhi,28.614,77.209,9.730129833287851,24.93800808617253,16.997047832857785
2024-03-19,Delhi,28.614,77.209,0.7743840898584761,23.48993512192128,15.64842530360255
2024-03-20,Delhi,28.614,77.209,1.5721845751601131,25.679256748207013,17.945053918273
2024-03-21,Delhi,28.614,77.209,12.388337753636623,24.210978160194387,16.84987059942287
2024-03-22,Delhi,28.614,77.209,1.8873168740994397,26.55231540765342,20.44791595229575
2024-03-23,Delhi,28.614,77.209,2.2870946339401756,24.684122467610187,16.786977630796382
2024-03-24,Delhi,28.614,77.209,5.473612561277681,24.477732207097276,15.528631676499417
2024-03-25,Delhi,28.614,77.209,0.539501317809846,25.756198157575398,19.6435340067691
2024-03-26,Delhi,28.614,77.209,0.19284286930311184,25.462613681095917,17.13594522863012
2024-03-27,Delhi,28.614,77.209,1.6490892228821823,23.832130072281892,15.35040058796093
2024-03-28,Delhi,28.614,77.209,1.1805414812121373,23.970269372498944,16.51949223215889
2024-03-29,Delhi,28.614,77.209,1.029052133057102,24.639721935677816,17.39618052539248
2024-03-30,Delhi,28.614,77.209,1.0613828499397384,21.770456652907384,15.15208475468855
2024-03-31,Delhi,28.614,77.209,1.6145865152136503,25.201215964111505,16.638963540072908
2024-04-01,Delhi,28.614,77.209,0.0769137961192563,24.01860644116721,17.154747995720758
2024-04-02,Delhi,28.614,77.209,0.9879164219717363,25.131183807010597,18.51836964217182
2024-04-03,Delhi,28.614,77.209,1.2297162708916052,24.92604826187316,18.903431194847233
2024-04-04,Delhi,28.614,77.209,2.820678239014143,24.8085538190793,18.496977585448455
2024-04-05,Delhi,28.614,77.209,1.2749913657175878,24.07202009599617,16.178158014355148
2024-04-06,Delhi,28.614,77.209,2.3378653447674544,24.11789886827033,17.293566810014287
2024-04-07,Delhi,28.614,77.209,1.2385555044788705,22.946804845907085,15.476948235696062
2024-04-08,Delhi,28.614,77.209,1.6329218144992164,22.252137796188226,14.203900396375875
2024-04-09,Delhi,28.614,77.209,0.4239796237672054,24.870021610511817,17.35678743388554
2024-04-10,Delhi,28.614,77.209,2.029297579268626,24.91628583052704,18.29638828440545
2024-04-11,Delhi,28.614,77.209,0.7719791051903412,25.40157961742702,18.7162811136303
2024-04-12,Delhi,28.614,77.209,0.2752398730715398,22.89280377059658,17.022814226565384
2024-04-13,Delhi,28.614,77.209,3.953689013008956,24.43411986769883,17.266894062876894
2024-04-14,Delhi,28.614,77.209,3.0734106239457684,24.58502093681973,18.28256843003529
2024-04-15,Delhi,28.614,77.209,0.9420091973467757,22.9317185302928,15.080140333391864
2024-04-16,Delhi,28.614,77.209,0.11973002153164447,26.60392165856307,20.744184813339317
2024-04-17,Delhi,28.614,77.209,0.1890834130460632,26.213582841718196,18.848134857127263
2024-04-18,Delhi,28.614,77.209,1.9690396131442385,24.90644359825522,17.055595814707445
2024-04-19,Delhi,28.614,77.209,2.1886008127887675,25.32247238116093,19.14208252150228
2024-04-20,Delhi,28.614,77.209,0.7691486902232548,22.173771343707017,14.960640516446876
2024-04-21,Delhi,28.614,77.209,1.0043739928755493,25.3997425550776,18.03976624958588
2024-04-22,Delhi,28.614,77.209,0.5302511589165112,26.241855226360876,19.724204781365053
2024-04-23,Delhi,28.614,77.209,1.7055523852694487,23.66829180214129,16.694187882722915
2024-04-24,Delhi,28.614,77.209,2.2701115634931144,25.693831117393824,18.069484353678263
2024-04-25,Delhi,28.614,77.209,3.176734928826238,21.785248926041348,15.737493488849442
2024-04-26,Delhi,28.614,77.209,4.8320272199730665,23.645502403430974,15.770512754057638
2024-04-27,Delhi,28.614,77.209,4.9307554727805165,26.88317974746454,19.839098068230708
2024-04-28,Delhi,28.614,77.209,0.4958208148044913,24.43541568240892,18.128395843095742
2024-04-29,Delhi,28.614,77.209,4.105338256484088,25.30354286039725,17.61299433052183
2024-04-30,Delhi,28.614,77.209,6.309971257172263,27.848610344967685,20.821974553354135
2024-05-01,Delhi,28.614,77.209,0.5517605081764699,25.101023025347235,17.08132830373483
2024-05-02,Delhi,28.614,77.209,2.5241764758832423,23.589534722666432,16.285793545987893
2024-05-03,Delhi,28.614,77.209,0.1719944295342778,25.261463335794446,17.564490478173795
2024-05-04,Delhi,28.614,77.209,10.702027221294625,26.79647035072716,18.375351713653323
2024-05-05,Delhi,28.614,77.209,1.202821181506564,25.42527217983489,19.15172245464928
2024-05-06,Delhi,28.614,77.209,0.5724134914117179,26.106984021165275,19.23844054867081
2024-05-07,Delhi,28.614,77.209,1.2729401131954023,26.685096870764305,19.097586664851264
2024-05-08,Delhi,28.614,77.209,4.024413740623898,27.02279836546296,19.678431698693394
2024-05-09,Delhi,28.614,77.209,5.271165934534841,26.92405983394081,20.007811857851312
2024-05-10,Delhi,28.614,77.209,10.030560158971399,28.38096714779926,19.866430218808777
2024-05-11,Delhi,28.614,77.209,3.3819318304224657,28.210463140914403,21.34696320374624
2024-05-12,Delhi,28.614,77.209,1.5463435728083657,27.4901839383225,19.861402651977414
2024-05-13,Delhi,28.614,77.209,2.136051870314669,27.042068198468552,19.397042741920806
2024-05-14,Delhi,28.614,77.209,0.5160167095042337,28.78844971428775,21.973778069676964
2024-05-15,Delhi,28.614,77.209,6.718097406777058,28.77686305629738,22.01993299680743
2024-05-16,Delhi,28.614,77.209,2.772495101908942,31.13666618586528,23.775105401982472
2024-05-17,Delhi,28.614,77.209,1.4948359440397132,28.95577538678415,20.831942148695887
2024-05-18,Delhi,28.614,77.209,7.951833363178827,27.49472191153717,21.44574920302027
2024-05-19,Delhi,28.614,77.209,5.557704540445507,31.13495752285523,24.661995417548184
2024-05-20,Delhi,28.614,77.209,3.224542458008781,29.36799149525904,22.345525035175815
2024-05-21,Delhi,28.614,77.209,1.6139036864941665,29.92303831039151,22.934782422303282
2024-05-22,Delhi,28.614,77.209,1.3928273116475904,29.44120902239013,21.374429567402768
2024-05-23,Delhi,28.614,77.209,0.4953073817380204,26.575914810831357,19.740243232400363
2024-05-24,Delhi,28.614,77.209,2.1040169424278634,29.278381535752658,22.805968907154174
2024-05-25,Delhi,28.614,77.209,2.341998454538331,30.92604919866548,23.556004625605816
2024-05-26,Delhi,28.614,77.209,8.282560513733184,30.565389419366507,24.30350119759679
2024-05-27,Delhi,28.614,77.209,6.500089496146423,29.46430698758108,21.36098758650221
2024-05-28,Delhi,28.614,77.209,1.1571589963240174,31.144816003139983,24.226621330857917
2024-05-29,Delhi,28.614,77.209,0.9713369694244963,29.242651905458203,23.169811571359723
2024-05-30,Delhi,28.614,77.209,4.001417341318606,30.283768901672854,21.8355982448034
2024-05-31,Delhi,28.614,77.209,2.0126990829109674,29.29941347524992,23.67730142884644
2024-06-01,Delhi,28.614,77.209,5.026438283115922,30.823130139495504,23.684833273540754
2024-06-02,Delhi,28.614,77.209,8.910665474384157,31.98625471551955,24.82945127724354
2024-06-03,Delhi,28.614,77.209,2.8162527822888648,29.128725718414213,21.919476197561092
2024-06-04,Delhi,28.614,77.209,4.274032122811813,31.610209027018563,24.653211077410965
2024-06-05,Delhi,28.614,77.209,0.11522806618770047,32.28661926894538,25.596266252461973
2024-06-06,Delhi,28.614,77.209,1.0239306979251166,33.16770618496815,26.789364552160865
2024-06-07,Delhi,28.614,77.209,3.811233915950847,31.32493611826369,24.699191944591416
2024-06-08,Delhi,28.614,77.209,5.0792963359197705,32.37397737243555,26.0289885327135
2024-06-09,Delhi,28.614,77.209,4.674420293611579,33.392377548161484,25.74875624398163
2024-06-10,Delhi,28.614,77.209,5.4747746975974865,31.618389974728746,25.235889408624608
2024-06-11,Delhi,28.614,77.209,3.2762693016268822,34.27938103166203,26.441551314554978
2024-06-12,Delhi,28.614,77.209,1.7960857314652396,33.18583414359458,26.58290857106717
2024-06-13,Delhi,28.614,77.209,9.592474344431022,33.41898543460152,26.21161802714945
2024-06-14,Delhi,28.614,77.209,4.7376276207457675,33.19961058727916,26.81764243334537
2024-06-15,Delhi,28.614,77.209,7.369683793163508,32.07550765692199,25.12964466337216
2024-06-16,Delhi,28.614,77.209,4.405179879651874,35.7943252351887,28.375307012355712
2024-06-17,Delhi,28.614,77.209,6.686152690009036,33.35908132603205,28.22935742136978
2024-06-18,Delhi,28.614,77.209,3.103856841816214,32.37272870888657,25.091508920771936
2024-06-19,Delhi,28.614,77.209,5.816675850102298,33.79874896072477,27.806040840192562
2024-06-20,Delhi,28.614,77.209,4.224837290222847,36.73977683083501,30.05516695038864
2024-06-21,Delhi,28.614,77.209,2.1100591802686774,32.437461888221755,26.186717372907186
2024-06-22,Delhi,28.614,77.209,3.21802275662599,33.560584229762085,27.145778156114833
2024-06-23,Delhi,28.614,77.209,1.8052486486763581,33.9684190411103,27.44918646887022
2024-06-24,Delhi,28.614,77.209,6.411258698014525,34.56898638919327,26.973897647516765
2024-06-25,Delhi,28.614,77.209,2.725682281723706,35.368342444284465,28.875079677106346
2024-06-26,Delhi,28.614,77.209,8.11566659979794,37.227222839930214,28.85984195680209
2024-06-27,Delhi,28.614,77.209,2.1057901793741896,32.870240043426605,25.008173445343637
2024-06-28,Delhi,28.614,77.209,3.5198648425575505,34.32649507706329,27.367853734206182
2024-01-01,Bengaluru,12.972,77.594,2.6230403294813525,23.751187710031296,18.448102432138228
2024-01-02,Bengaluru,12.972,77.594,2.052457752484706,22.950579135959376,14.558176744737125
2024-01-03,Bengaluru,12.972,77.594,1.6639338184712194,23.55137558900887,18.160116478929282
2024-01-04,Bengaluru,12.972,77.594,2.651569900912324,22.96220810064669,15.162892187581882
2024-01-05,Bengaluru,12.972,77.594,1.674773475123999,21.823927141158656,14.679681522879028
2024-01-06,Bengaluru,12.972,77.594,1.6314800152481932,23.05346624614602,15.621838100609107
2024-01-07,Bengaluru,12.972,77.594,1.345007901766055,24.739374105565393,18.60405906952609
2024-01-08,Bengaluru,12.972,77.594,1.1868456086912302,24.528975611100627,18.01765154422931
2024-01-09,Bengaluru,12.972,77.594,1.017209474381463,25.17554292233775,19.20889209486469
2024-01-10,Bengaluru,12.972,77.594,6.241662659263233,24.019061754690977,17.028083911985906
2024-01-11,Bengaluru,12.972,77.594,1.4559663338030333,22.228141715545906,15.30228527236911
2024-01-12,Bengaluru,12.972,77.594,0.6838999200395329,23.072474637349416,15.192747960673943
2024-01-13,Bengaluru,12.972,77.594,2.009391017133733,24.74103689383608,19.489727906970177
2024-01-14,Bengaluru,12.972,77.594,2.099172096336341,22.77943238399558,14.74990643156648
2024-01-15,Bengaluru,12.972,77.594,5.63410439760393,22.85238393570218,15.821104798728935
2024-01-16,Bengaluru,12.972,77.594,1.5063838937998209,23.7777234629911,17.761224037111184
2024-01-17,Bengaluru,12.972,77.594,0.67239679131147,25.31929483857178,18.713132368122206
2024-01-18,Bengaluru,12.972,77.594,0.8574081402427325,23.344988092238975,16.301224542759556
2024-01-19,Bengaluru,12.972,77.594,4.416246243313074,24.19326699891524,17.73338272683116
2024-01-20,Bengaluru,12.972,77.594,0.021252248485017854,22.93763760123881,16.203233996004357
2024-01-21,Bengaluru,12.972,77.594,2.1841789770292723,25.085232270208234,16.18339987682425
2024-01-22,Bengaluru,12.972,77.594,0.7324147029111951,24.26326687629037,17.645355460095786
2024-01-23,Bengaluru,12.972,77.594,3.524927250495977,24.318718451192062,15.841648842295678
2024-01-24,Bengaluru,12.972,77.594,1.124067708332583,23.35130746907805,16.856327253175312
2024-01-25,Bengaluru,12.972,77.594,3.978611862550125,21.07259193377145,13.050121243602007
2024-01-26,Bengaluru,12.972,77.594,7.785876659524152,22.462618539810737,16.450816450458955
2024-01-27,Bengaluru,12.972,77.594,1.926496682255456,25.275467396890548,18.642314705860283
2024-01-28,Bengaluru,12.972,77.594,2.698230418222711,27.78050279099327,21.55730785976062
2024-01-29,Bengaluru,12.972,77.594,0.23171766296907292,26.526647847876845,20.48880849310576
2024-01-30,Bengaluru,12.972,77.594,1.2866831398568954,26.384128739829297,21.44214268940508
2024-01-31,Bengaluru,12.972,77.594,0.8902409056886068,25.02200534606452,17.6298276260335
2024-02-01,Bengaluru,12.972,77.594,0.7545496317702267,24.99061820263221,18.286104650392133
2024-02-02,Bengaluru,12.972,77.594,1.262928150756449,25.655467190146584,19.688290434293894
2024-02-03,Bengaluru,12.972,77.594,2.762598373319585,26.10575907707932,20.20078678260217
2024-02-04,Bengaluru,12.972,77.594,2.3317416290444046,26.34545617233506,19.114827805833205
2024-02-05,Bengaluru,12.972,77.594,3.258894460764928,25.72033749808978,19.05590941237238
2024-02-06,Bengaluru,12.972,77.594,6.391846992714965,26.20143114565517,17.294720183289282
2024-02-07,Bengaluru,12.972,77.594,3.7273746385282776,28.09728049195182,21.23285958890643
2024-02-08,Bengaluru,12.972,77.594,5.540260481972531,24.619580112467283,17.828183619780216
2024-02-09,Bengaluru,12.972,77.594,2.3645318649741767,26.736482960339742,21.95043167396555
2024-02-10,Bengaluru,12.972,77.594,5.09832271756787,27.802795559277687,21.986365274359443
2024-02-11,Bengaluru,12.972,77.594,2.1034023117237983,26.721642253480113,20.371030821477316
2024-02-12,Bengaluru,12.972,77.594,0.8412939934196005,26.27819635733392,20.47981975880842
2024-02-13,Bengaluru,12.972,77.594,5.069362794880119,28.01692078116064,20.98712137911894
2024-02-14,Bengaluru,12.972,77.594,3.249433746352954,24.812054508529624,17.932119412805644
2024-02-15,Bengaluru,12.972,77.594,3.709796905876863,29.48807929511513,23.74407808311429
2024-02-16,Bengaluru,12.972,77.594,0.8743170603130239,28.34727157099709,23.37279531319083
2024-02-17,Bengaluru,12.972,77.594,9.231734411555845,27.475416474468712,19.768856769544612
2024-02-18,Bengaluru,12.972,77.594,5.758329728972484,27.825820523454073,20.733998164252537
2024-02-19,Bengaluru,12.972,77.594,10.312578724051148,25.357108661111123,18.7606643792411
2024-02-20,Bengaluru,12.972,77.594,1.4054040337047804,28.353298751171188,21.134335554516973
2024-02-21,Bengaluru,12.972,77.594,6.093170831186938,28.010724629288408,21.557954959782315
2024-02-22,Bengaluru,12.972,77.594,1.617413431928849,29.607654815214854,23.506130519568085
2024-02-23,Bengaluru,12.972,77.594,3.0564378755385477,29.827035907671434,21.499125602535685
2024-02-24,Bengaluru,12.972,77.594,4.320998083356733,27.762573399648254,20.409045385984502
2024-02-25,Bengaluru,12.972,77.594,2.752607792404044,30.03514471845193,22.678289215684863
2024-02-26,Bengaluru,12.972,77.594,7.665967554706788,28.665551907429766,20.972800000363936
2024-02-27,Bengaluru,12.972,77.594,0.35079432986913184,29.25042290367136,20.35266648122055
2024-02-28,Bengaluru,12.972,77.594,1.9642115706486414,31.73922496190445,23.377002072389804
2024-02-29,Bengaluru,12.972,77.594,0.5394050683703262,31.647977872030093,24.05199152104958
2024-03-01,Bengaluru,12.972,77.594,1.8059847682016927,27.397550013662133,18.90859506605769
2024-03-02,Bengaluru,12.972,77.594,2.7336271898849236,29.835951434421045,22.91670086780917
2024-03-03,Bengaluru,12.972,77.594,9.399618839979219,29.833711620621358,22.820242241634617
2024-03-04,Bengaluru,12.972,77.594,14.983509130238726,31.924270210846416,24.109617784957408
2024-03-05,Bengaluru,12.972,77.594,4.182353423322642,29.704741709417522,21.918260167290903
2024-03-06,Bengaluru,12.972,77.594,4.96845676484685,30.859595643816082,23.915686170802655
2024-03-07,Bengaluru,12.972,77.594,6.471569988713745,32.06137824798273,25.716852725630527
2024-03-08,Bengaluru,12.972,77.594,24.590964222214243,30.779868849961133,24.395041547220128
2024-03-09,Bengaluru,12.972,77.594,8.073658286970764,30.998753355160705,24.43165802573514
2024-03-10,Bengaluru,12.972,77.594,1.5913682165349412,31.74001684081058,25.536767788668385
2024-03-11,Bengaluru,12.972,77.594,2.1321968378222147,29.479338208968613,21.471807755603706
2024-03-12,Bengaluru,12.972,77.594,0.7909847867890438,30.49596254138216,22.933758573525196
2024-03-13,Bengaluru,12.972,77.594,1.7645899992518863,33.64942671851348,27.178984790057896
2024-03-14,Bengaluru,12.972,77.594,4.289821486011606,31.678614038831473,24.940811214793033
2024-03-15,Bengaluru,12.972,77.594,7.162143764991506,32.37444496830283,23.74914931337241
2024-03-16,Bengaluru,12.972,77.594,5.251368662481169,32.12270263811242,26.575924235024505
2024-03-17,Bengaluru,12.972,77.594,1.5926232038197017,32.53969822644826,25.459460092493533
2024-03-18,Bengaluru,12.972,77.594,3.9170478259550294,33.719776393319044,27.82196538233884
2024-03-19,Bengaluru,12.972,77.594,4.41189448165065,31.975132952381284,25.58789731456227
2024-03-20,Bengaluru,12.972,77.594,1.9109936219849497,35.58039899238362,28.482731882006508
2024-03-21,Bengaluru,12.972,77.594,0.1122172368542149,34.511471540192915,27.95393296981311
2024-03-22,Bengaluru,12.972,77.594,5.7028129995353565,33.71524308669763,27.68942323665854
2024-03-23,Bengaluru,12.972,77.594,9.928926389364744,33.66009532173687,27.384302842932033
2024-03-24,Bengaluru,12.972,77.594,3.350330786911611,35.368149207997,28.54111294905515
2024-03-25,Bengaluru,12.972,77.594,9.216135953727486,32.70143398811833,25.710220302184254
2024-03-26,Bengaluru,12.972,77.594,14.528436391395655,31.431342585351672,24.259147020090747
2024-03-27,Bengaluru,12.972,77.594,18.210875447578864,34.21170490378272,27.040667414302753
2024-03-28,Bengaluru,12.972,77.594,0.344088326082175,34.44721271942239,27.391202432372147
2024-03-29,Bengaluru,12.972,77.594,3.205169877712915,33.041160844875236,26.959765984488026
2024-03-30,Bengaluru,12.972,77.594,7.6562984929127476,33.9236419891082,26.783667559736855
2024-03-31,Bengaluru,12.972,77.594,11.331663846499458,31.854411413583794,25.345963511897775
2024-04-01,Bengaluru,12.972,77.594,8.286378403568346,34.33584401266281,27.079411709992772
2024-04-02,Bengaluru,12.972,77.594,9.39724871167441,33.301977300533565,26.052464250729244
2024-04-03,Bengaluru,12.972,77.594,21.532215397081107,34.52024943897774,26.17696109687877
2024-04-04,Bengaluru,12.972,77.594,4.299531102623298,31.44646502228814,24.757695094635153
2024-04-05,Bengaluru,12.972,77.594,3.235145984466286,34.97794696796707,29.125951910358218
2024-04-06,Bengaluru,12.972,77.594,15.57596936627334,34.041645559787824,28.10417085650446
2024-04-07,Bengaluru,12.972,77.594,17.62861933981125,32.86636607446478,26.027441957036714
2024-04-08,Bengaluru,12.972,77.594,7.146130018328743,34.56319227859434,29.381585739377854
2024-04-09,Bengaluru,12.972,77.594,8.429382760425394,34.217113772662486,27.158539113475427
2024-04-10,Bengaluru,12.972,77.594,6.7940826347472605,32.83265365589554,26.845697301631034
2024-04-11,Bengaluru,12.972,77.594,14.395790608984736,35.1362716780766,28.06670369759178
2024-04-12,Bengaluru,12.972,77.594,6.538754930732597,35.14732203349822,28.213496594988772
2024-04-13,Bengaluru,12.972,77.594,14.717712740201083,34.67651514832707,27.009905075097272
2024-04-14,Bengaluru,12.972,77.594,23.281206569631145,34.75048008894957,26.46393143998034
2024-04-15,Bengaluru,12.972,77.594,1.8836069561311886,34.2005780165043,25.66955422864116
2024-04-16,Bengaluru,12.972,77.594,11.279924482617353,35.50539788956002,28.435129346677062
2024-04-17,Bengaluru,12.972,77.594,5.723149688012073,32.68447231500915,24.890194868742
2024-04-18,Bengaluru,12.972,77.594,3.8659776827227597,32.10825644013481,23.77382876022353
2024-04-19,Bengaluru,12.972,77.594,9.50482689743444,33.172750496609126,24.687302175056992
2024-04-20,Bengaluru,12.972,77.594,2.220776315094696,34.69233041601148,27.07534628302377
2024-04-21,Bengaluru,12.972,77.594,16.78240751127786,32.683047098463675,26.912933139981916
2024-04-22,Bengaluru,12.972,77.594,5.626743220866631,33.23799186032587,27.320450722359517
2024-04-23,Bengaluru,12.972,77.594,14.672434490392284,33.28923525576645,26.361360717900507
2024-04-24,Bengaluru,12.972,77.594,1.4446303332830162,33.25725965919572,27.169427242345108
2024-04-25,Bengaluru,12.972,77.594,12.157977928728936,32.89966581980149,26.431099661445998
2024-04-26,Bengaluru,12.972,77.594,2.4005590520113786,32.951395228529634,25.175876366338738
2024-04-27,Bengaluru,12.972,77.594,1.4742702746656664,32.76470797230209,27.07699124742074
2024-04-28,Bengaluru,12.972,77.594,2.5717765905801224,35.71434114146891,27.868431745738285
2024-04-29,Bengaluru,12.972,77.594,1.731290232475963,32.02606028709025,25.240590511854506
2024-04-30,Bengaluru,12.972,77.594,1.45088897843382,33.150430187651374,25.343783078631965
2024-05-01,Bengaluru,12.972,77.594,2.0016786318547912,30.7731639078285,23.435115121589504
2024-05-02,Bengaluru,12.972,77.594,4.7862562554989205,32.034931993594384,25.019010656869117
2024-05-03,Bengaluru,12.972,77.594,2.0742500690794343,33.95250453740309,26.58100022364673
2024-05-04,Bengaluru,12.972,77.594,6.48295962287482,32.53272816209121,26.785351787053813
2024-05-05,Bengaluru,12.972,77.594,6.540966262111763,32.499980929132036,26.486271923779242
2024-05-06,Bengaluru,12.972,77.594,3.2817543947609153,30.984489906225733,22.796058578607912
2024-05-07,Bengaluru,12.972,77.594,4.632986690765007,31.37891896970535,25.408392779821753
2024-05-08,Bengaluru,12.972,77.594,1.1881522265740554,31.078550776797197,25.197859882154066
2024-05-09,Bengaluru,12.972,77.594,8.854942721745841,31.53986695375224,24.854450775340105
2024-05-10,Bengaluru,12.972,77.594,1.4692889941730616,29.875475605355298,23.543777200477084
2024-05-11,Bengaluru,12.972,77.594,10.19796521338923,30.840598716158297,24.160846642806035
2024-05-12,Bengaluru,12.972,77.594,3.4027779584018187,31.739518966540704,24.679703829288922
2024-05-13,Bengaluru,12.972,77.594,0.9474621219812601,30.810067375481513,23.902014504746322
2024-05-14,Bengaluru,12.972,77.594,4.311559640098978,29.26097365332873,22.40153401826061
2024-05-15,Bengaluru,12.972,77.594,10.3620915155689,30.613099701119776,23.14479689954134
2024-05-16,Bengaluru,12.972,77.594,2.4517021593500643,30.025668725220026,24.49867321676155
2024-05-17,Bengaluru,12.972,77.594,0.7338973042419249,28.496916494675943,22.878851123978425
2024-05-18,Bengaluru,12.972,77.594,2.145620464761257,29.404716326042074,21.6491780233196
2024-05-19,Bengaluru,12.972,77.594,2.706068875083012,31.386276877770843,23.703926623537026
2024-05-20,Bengaluru,12.972,77.594,5.961874458556458,27.4110144412028,21.226623175334502
2024-05-21,Bengaluru,12.972,77.594,8.614652397216744,28.80502000170287,21.671599414501284
2024-05-22,Bengaluru,12.972,77.594,6.249863690263666,28.72224663113678,20.426989175042248
2024-05-23,Bengaluru,12.972,77.594,3.57313329043325,27.583021841526154,21.094029346866936
2024-05-24,Bengaluru,12.972,77.594,4.274067007889561,29.891990057094194,22.336417863553912
2024-05-25,Bengaluru,12.972,77.594,0.3382742650918666,29.73825199643866,22.304648873617882
2024-05-26,Bengaluru,12.972,77.594,1.4201570703278144,30.600556510115787,24.261127423256035
2024-05-27,Bengaluru,12.972,77.594,5.806351876759329,29.016122073479085,21.820658989335463
2024-05-28,Bengaluru,12.972,77.594,2.488263432929424,31.31327705399834,24.758006679037894
2024-05-29,Bengaluru,12.972,77.594,1.7667023671789182,26.76709521549908,20.970700590370463
2024-05-30,Bengaluru,12.972,77.594,1.3723091575064292,29.089103385695257,22.396918221059252
2024-05-31,Bengaluru,12.972,77.594,3.025896510402594,27.573443143514336,20.112084352372335
2024-06-01,Bengaluru,12.972,77.594,1.6944683991961749,27.343826252378488,19.71518923687227
2024-06-02,Bengaluru,12.972,77.594,1.5388507912862885,28.119555033615544,21.56781837620135
2024-06-03,Bengaluru,12.972,77.594,2.0091880293525373,26.373371019800217,19.165679794723598
2024-06-04,Bengaluru,12.972,77.594,5.783715559839524,25.80642909721676,18.1220079348899
2024-06-05,Bengaluru,12.972,77.594,2.777345866090767,24.527574564749987,17.75024091640639
2024-06-06,Bengaluru,12.972,77.594,0.42162097001779986,26.233118886360035,18.896712211610524
2024-06-07,Bengaluru,12.972,77.594,1.364168345461261,25.875144752566545,17.70517884468322
2024-06-08,Bengaluru,12.972,77.594,4.623517058650403,27.379303652058738,19.146716055047474
2024-06-09,Bengaluru,12.972,77.594,3.045991424012147,24.983302347882034,17.99064094642774
2024-06-10,Bengaluru,12.972,77.594,2.019254602530249,28.386776518715806,20.055291404051644
2024-06-11,Bengaluru,12.972,77.594,13.053458988336109,27.114386432507178,20.890784817198163
2024-06-12,Bengaluru,12.972,77.594,0.6802648140919779,25.672466280101624,19.115930283807536
2024-06-13,Bengaluru,12.972,77.594,2.647219359168995,25.759811390209524,18.625512134668476
2024-06-14,Bengaluru,12.972,77.594,5.193102579391183,26.4193910828156,18.887721745008722
2024-06-15,Bengaluru,12.972,77.594,0.5975052993041682,24.67232641473589,18.30128582965822
2024-06-16,Bengaluru,12.972,77.594,4.582598789320511,27.01487692142661,21.10965243643871
2024-06-17,Bengaluru,12.972,77.594,2.482334659774421,27.073198691421226,20.024384810598498
2024-06-18,Bengaluru,12.972,77.594,2.1903295513200374,24.00462166893163,15.829710124679396
2024-06-19,Bengaluru,12.972,77.594,3.334631476246714,28.63821609575044,20.769357229660457
2024-06-20,Bengaluru,12.972,77.594,0.39378303984157964,26.701277215161227,19.752948940715804
2024-06-21,Bengaluru,12.972,77.594,3.070259408716152,23.957446124120523,16.09855354081047
2024-06-22,Bengaluru,12.972,77.594,0.1064768699040011,21.988578814573252,13.930822041703292
2024-06-23,Bengaluru,12.972,77.594,1.0112311933002893,25.07043743342619,18.314901586948174
2024-06-24,Bengaluru,12.972,77.594,3.774957504752472,25.883864970205444,18.8823302501982
2024-06-25,Bengaluru,12.972,77.594,2.3042442317438048,24.610484468151203,17.292729020217543
2024-06-26,Bengaluru,12.972,77.594,1.2228740329580745,24.877598488244754,17.80238634897663
2024-06-27,Bengaluru,12.972,77.594,0.8247501883911835,22.85598060151398,16.63905367450374
2024-06-28,Bengaluru,12.972,77.594,1.811492626528758,25.221233076816933,17.772874028981434
2024-01-01,Kolkata,22.573,88.364,5.844750754490386,26.27992697962008,19.31287099589942
2024-01-02,Kolkata,22.573,88.364,6.249632802198793,25.17683188894517,18.611933492234915
2024-01-03,Kolkata,22.573,88.364,1.4332495442953281,26.46250014039017,17.674471742071237
2024-01-04,Kolkata,22.573,88.364,3.2477705033711595,28.206109435166812,22.670872866172065
2024-01-05,Kolkata,22.573,88.364,0.6927197872509001,25.303044176060396,18.482475695593937
2024-01-06,Kolkata,22.573,88.364,0.45986606807534103,25.215822725980978,18.93466695009507
2024-01-07,Kolkata,22.573,88.364,4.393221788407543,24.26831595440478,17.019004407245003
2024-01-08,Kolkata,22.573,88.364,0.9457431385511823,27.16793686427759,21.013045333102294
2024-01-09,Kolkata,22.573,88.364,0.9167091347418423,23.50300875879904,17.640310341264808
2024-01-10,Kolkata,22.573,88.364,1.3713366637625894,27.467917296345632,21.480045252736293
2024-01-11,Kolkata,22.573,88.364,2.088462395583123,25.215833597530757,18.39756383624073
2024-01-12,Kolkata,22.573,88.364,6.981153487682317,26.12763729111808,20.063053378374217
2024-01-13,Kolkata,22.573,88.364,0.4741608188275901,24.789528341397666,15.776652184779454
2024-01-14,Kolkata,22.573,88.364,0.059289552334044496,25.67178626398249,18.762825916254727
2024-01-15,Kolkata,22.573,88.364,2.25707557030793,23.407549966695175,16.385603283348196
2024-01-16,Kolkata,22.573,88.364,2.4719817321652444,24.865546824147803,16.585587356880325
2024-01-17,Kolkata,22.573,88.364,5.6561334777917365,27.175410761765466,20.149431302631502
2024-01-18,Kolkata,22.573,88.364,4.270207898068916,24.61220671805707,17.144983251479463
2024-01-19,Kolkata,22.573,88.364,1.9944734787847738,23.624658761087577,16.52462322839967
2024-01-20,Kolkata,22.573,88.364,0.9095917014598264,24.38016413037489,18.61634985173214
2024-01-21,Kolkata,22.573,88.364,1.4249835550190608,22.829773621408112,15.47211554791382
2024-01-22,Kolkata,22.573,88.364,2.0846818547110613,24.61494490980245,18.72192119875685
2024-01-23,Kolkata,22.573,88.364,2.9736580561722845,24.216537041379723,19.128715209901166
2024-01-24,Kolkata,22.573,88.364,1.0042002171088014,22.779888000236472,17.64470773748293
2024-01-25,Kolkata,22.573,88.364,3.352786418713642,25.681151506562347,19.231305254656572
2024-01-26,Kolkata,22.573,88.364,7.181224344730852,23.82013458655846,16.4501174794042
2024-01-27,Kolkata,22.573,88.364,0.07807111108858923,23.77625620340245,17.3679611673917
2024-01-28,Kolkata,22.573,88.364,8.867321022925145,23.563482848306702,16.6584141840859
2024-01-29,Kolkata,22.573,88.364,3.7000809450200345,23.28585469474073,17.131606110933824
2024-01-30,Kolkata,22.573,88.364,2.271676890292415,23.385574525381816,14.74979191497796
2024-01-31,Kolkata,22.573,88.364,0.35411282291060125,24.491749055697394,16.881992310867595
2024-02-01,Kolkata,22.573,88.364,1.3507314096012373,23.34812373948569,16.93671042770982
2024-02-02,Kolkata,22.573,88.364,2.0612797946982546,24.686406170335403,16.702800252447723
2024-02-03,Kolkata,22.573,88.364,2.2215600227286703,24.588863734301405,17.700153126110678
2024-02-04,Kolkata,22.573,88.364,1.460454937275552,23.928875519494998,17.93664020179932
2024-02-05,Kolkata,22.573,88.364,1.431682349835583,23.441242797604183,16.601923035424928
2024-02-06,Kolkata,22.573,88.364,1.1002047461023923,24.682070107408226,18.393256651731946
2024-02-07,Kolkata,22.573,88.364,5.056775336493751,22.962314145868078,15.23948658860706
2024-02-08,Kolkata,22.573,88.364,1.5205594877564375,22.75214249733838,15.398789061999985
2024-02-09,Kolkata,22.573,88.364,1.0025867502674353,23.779868534184494,17.72262921443916
2024-02-10,Kolkata,22.573,88.364,2.0081703506935336,24.41000532575027,17.17795270660047
2024-02-11,Kolkata,22.573,88.364,1.6892430638904299,24.780121323116127,19.441490383803345
2024-02-12,Kolkata,22.573,88.364,0.6541106383175563,24.565315983658557,16.308437789602063
2024-02-13,Kolkata,22.573,88.364,3.3523084200501323,23.351308987884657,16.34416189357108
2024-02-14,Kolkata,22.573,88.364,0.15175344714157266,25.707090426446236,18.333957221640286
2024-02-15,Kolkata,22.573,88.364,0.4680856972185219,23.8976384146823,16.520981088461873
2024-02-16,Kolkata,22.573,88.364,3.4083258965331917,23.518626143017002,16.641890136736098
2024-02-17,Kolkata,22.573,88.364,4.1210278028487375,23.892875951679745,17.642777525215465
2024-02-18,Kolkata,22.573,88.364,0.7710016311562702,23.421560317135608,17.484343365768993
2024-02-19,Kolkata,22.573,88.364,0.9208380020995421,25.587944832828146,17.775131609301567
2024-02-20,Kolkata,22.573,88.364,1.0998459365048916,26.242829253410665,19.186256780031094
2024-02-21,Kolkata,22.573,88.364,2.0329006773188607,25.244008228687434,17.209204341216733
2024-02-22,Kolkata,22.573,88.364,0.7958026965424951,26.655391968778893,20.948177908108534
2024-02-23,Kolkata,22.573,88.364,3.960349620035354,26.21098628230725,18.677585602141765
2024-02-24,Kolkata,22.573,88.364,1.767859053025226,23.934007797274983,17.200847006583945
2024-02-25,Kolkata,22.573,88.364,2.4981226170267252,26.21226888871336,19.406384305772452
2024-02-26,Kolkata,22.573,88.364,3.511919876973071,26.181034972142175,18.600119449993088
2024-02-27,Kolkata,22.573,88.364,3.0597580665419732,25.014616318556527,18.056081997750805
2024-02-28,Kolkata,22.573,88.364,1.1340663538843851,24.604864032206706,18.61748397233995
2024-02-29,Kolkata,22.573,88.364,5.5112776621893245,28.461669759141415,21.3102732018867
2024-03-01,Kolkata,22.573,88.364,17.940088104531803,26.54506125023941,19.226838919087243
2024-03-02,Kolkata,22.573,88.364,3.3220605332808835,26.24928822905161,20.670664106745708
2024-03-03,Kolkata,22.573,88.364,3.014261835882952,25.44553411096725,18.780333370607558
2024-03-04,Kolkata,22.573,88.364,2.154982691887518,25.757907099031886,20.895317802837234
2024-03-05,Kolkata,22.573,88.364,1.9230914203875347,26.007970454999207,18.966716183418235
2024-03-06,Kolkata,22.573,88.364,4.170572485964397,27.816558003437162,20.3006697581273
2024-03-07,Kolkata,22.573,88.364,3.572521148722366,26.42226435882133,18.688097179221124
2024-03-08,Kolkata,22.573,88.364,0.6243807695895389,28.15562002312332,21.936952319105824
2024-03-09,Kolkata,22.573,88.364,2.8231176564109757,25.38122424756535,19.071694262001632
2024-03-10,Kolkata,22.573,88.364,3.274924324036963,28.118118932206684,20.328474808577177
2024-03-11,Kolkata,22.573,88.364,0.3894013051625576,28.508941187147677,22.06101431928799
2024-03-12,Kolkata,22.573,88.364,0.5017955669224388,27.13353129991073,19.847687251697277
2024-03-13,Kolkata,22.573,88.364,0.5166018120066819,27.186802063840943,20.25580513282095
2024-03-14,Kolkata,22.573,88.364,0.7091778469193211,29.61586566211636,21.574441872185552
2024-03-15,Kolkata,22.573,88.364,2.4768664294100113,28.017075360342012,20.558139607655278
2024-03-16,Kolkata,22.573,88.364,8.072439452595388,30.01837263259793,23.36154494549969
2024-03-17,Kolkata,22.573,88.364,2.2210793099714046,29.251873250819177,23.068579507621155
2024-03-18,Kolkata,22.573,88.364,1.7914242521109258,28.968031883818423,22.53135039713025
2024-03-19,Kolkata,22.573,88.364,0.9794127957304287,29.775911102457993,21.722371043551636
2024-03-20,Kolkata,22.573,88.364,8.928920367925668,30.59271966739562,24.734307481176796
2024-03-21,Kolkata,22.573,88.364,3.667767376770928,27.351300903488525,20.55536653858273
2024-03-22,Kolkata,22.573,88.364,1.8188330079032509,29.661988518921113,23.154456749210144
2024-03-23,Kolkata,22.573,88.364,0.5230472266159705,31.72127018658025,23.86103948240315
2024-03-24,Kolkata,22.573,88.364,7.448423966654871,30.735410711084906,24.6132727168472
2024-03-25,Kolkata,22.573,88.364,6.851466955264651,28.86826241972053,22.759190185113567
2024-03-26,Kolkata,22.573,88.364,1.3912290756866765,30.728263399503533,24.116361446599196
2024-03-27,Kolkata,22.573,88.364,5.052930969889125,28.96499233275395,22.662871276723365
2024-03-28,Kolkata,22.573,88.364,4.47769845077123,30.695688083722448,22.57155659518088
2024-03-29,Kolkata,22.573,88.364,8.604904976091278,31.322174795935226,23.80420725315161
2024-03-30,Kolkata,22.573,88.364,13.854489675213435,30.666928786336992,23.752887748494846
2024-03-31,Kolkata,22.573,88.364,1.0623645565514246,33.163686685090354,25.771316956535387
2024-04-01,Kolkata,22.573,88.364,5.680745006935306,31.337512519098745,24.08707869035778
2024-04-02,Kolkata,22.573,88.364,1.598264582183186,31.14466377526377,24.002681785588898
2024-04-03,Kolkata,22.573,88.364,2.7498679892445606,30.3266111829953,24.095485971891474
2024-04-04,Kolkata,22.573,88.364,0.13330134283109216,31.350898308707833,25.745795802541085
2024-04-05,Kolkata,22.573,88.364,8.070346315593433,33.538097673721346,25.94568501732045
2024-04-06,Kolkata,22.573,88.364,9.774921574862175,33.39908774207574,26.074180825698953
2024-04-07,Kolkata,22.573,88.364,1.2637499333246627,32.57869797476729,25.182899230346717
2024-04-08,Kolkata,22.573,88.364,7.011383683646015,33.121083836162526,26.474861485791806
2024-04-09,Kolkata,22.573,88.364,4.071134953760644,32.68512401069617,26.12532700512313
2024-04-10,Kolkata,22.573,88.364,9.91479438514886,33.244795119214906,26.63250992826427
2024-04-11,Kolkata,22.573,88.364,8.128633860605852,32.21091558482638,24.805980171472513
2024-04-12,Kolkata,22.573,88.364,7.836381170545921,33.02285726357756,26.892820959696333
2024-04-13,Kolkata,22.573,88.364,9.341068390354094,32.161687494074734,26.069907279397285
2024-04-14,Kolkata,22.573,88.364,8.788659580207002,32.693757768783115,25.826170138396524
2024-04-15,Kolkata,22.573,88.364,8.884345654685097,33.50913247136229,26.977330496449376
2024-04-16,Kolkata,22.573,88.364,4.853254221151967,32.94875216671923,25.96394511603132
2024-04-17,Kolkata,22.573,88.364,4.439807656111114,32.87392068131498,25.9188852037863
2024-04-18,Kolkata,22.573,88.364,3.471403034872935,34.01982067317971,26.156654923540803
2024-04-19,Kolkata,22.573,88.364,0.4962864597693068,34.42909623233332,28.779138663922634
2024-04-20,Kolkata,22.573,88.364,9.168650324483947,33.30574880536544,26.511056310230664
2024-04-21,Kolkata,22.573,88.364,5.541739691880092,32.550975687656155,25.60293015769675
2024-04-22,Kolkata,22.573,88.364,6.895776270328885,32.74575049791886,25.469625004124545
2024-04-23,Kolkata,22.573,88.364,13.152207111823374,32.544547170335754,25.677036890521876
2024-04-24,Kolkata,22.573,88.364,4.489415638923221,34.076285292847956,26.333625988216735
2024-04-25,Kolkata,22.573,88.364,7.36097467306197,33.89744112970156,26.670910466592357
2024-04-26,Kolkata,22.573,88.364,6.308340161264417,33.59307091960777,25.36405306837237
2024-04-27,Kolkata,22.573,88.364,0.6844292911364048,33.92119771178921,26.434599354029917
2024-04-28,Kolkata,22.573,88.364,8.307607123519675,32.79897611896529,25.576499084574966
2024-04-29,Kolkata,22.573,88.364,5.91891510713186,36.23086483284732,28.695737360844582
2024-04-30,Kolkata,22.573,88.364,4.46372720491539,33.962457332956205,26.561962816165284
2024-05-01,Kolkata,22.573,88.364,0.5998554252272277,32.70979676370388,24.328511418804855
2024-05-02,Kolkata,22.573,88.364,1.970361136135191,34.70036870318019,28.181242173111624
2024-05-03,Kolkata,22.573,88.364,1.7049433976943693,31.765427327742692,24.369955367596535
2024-05-04,Kolkata,22.573,88.364,6.896300086158719,33.12906967154768,26.970553559969698
2024-05-05,Kolkata,22.573,88.364,0.6384106952013532,34.819654934642806,29.156551917493402
2024-05-06,Kolkata,22.573,88.364,7.450616451847496,32.090514080794335,25.058240171567125
2024-05-07,Kolkata,22.573,88.364,5.396737154072048,32.58959675857183,25.64202282323587
2024-05-08,Kolkata,22.573,88.364,5.3130356566541135,34.04578816992373,28.02850366459124
2024-05-09,Kolkata,22.573,88.364,4.786033357066079,35.11835870592612,27.335606001892973
2024-05-10,Kolkata,22.573,88.364,6.703330584457198,36.04716826787128,29.681174197209362
2024-05-11,Kolkata,22.573,88.364,3.3254224453147696,32.20707865887883,25.628040273377945
2024-05-12,Kolkata,22.573,88.364,2.3147045023870874,33.34306592704545,27.883076168434133
2024-05-13,Kolkata,22.573,88.364,20.627657716721792,33.69685258122506,26.39809820814545
2024-05-14,Kolkata,22.573,88.364,11.634086659516877,33.04494033711963,26.8278146280516
2024-05-15,Kolkata,22.573,88.364,2.6130045819617074,31.577893729787288,25.141246005885822
2024-05-16,Kolkata,22.573,88.364,19.81762031280601,35.14909460282156,27.4722128938797
2024-05-17,Kolkata,22.573,88.364,5.708585628121539,33.0357313291887,26.653500511070703
2024-05-18,Kolkata,22.573,88.364,5.0131806668479255,31.63987952571541,23.534948380522792
2024-05-19,Kolkata,22.573,88.364,7.0283483269205,34.75658993459509,26.239801775278238
2024-05-20,Kolkata,22.573,88.364,13.923941646446162,31.1659841130935,23.923422819725104
2024-05-21,Kolkata,22.573,88.364,11.042231352822535,31.343235820859967,24.831829545496923
2024-05-22,Kolkata,22.573,88.364,0.13174623270067695,34.168735054298395,27.18345042675545
2024-05-23,Kolkata,22.573,88.364,2.586509607345003,33.85729255897562,27.905324313269183
2024-05-24,Kolkata,22.573,88.364,9.151870153568881,33.4469913388008,26.659414258093978
2024-05-25,Kolkata,22.573,88.364,4.685476235755382,30.98822335668591,23.223974149630063
2024-05-26,Kolkata,22.573,88.364,3.199897042362739,34.043409819729824,27.009972037429414
2024-05-27,Kolkata,22.573,88.364,9.787238433182265,31.904029810530268,25.379781979626415
2024-05-28,Kolkata,22.573,88.364,3.2654902034521687,32.80823274758983,24.855845743839144
2024-05-29,Kolkata,22.573,88.364,4.809692755541244,31.68748814173512,25.045660165811174
2024-05-30,Kolkata,22.573,88.364,6.644521077195391,32.374020310924024,24.258952189296323
2024-05-31,Kolkata,22.573,88.364,2.0518406376401344,32.04211964765472,24.7985374014575
2024-06-01,Kolkata,22.573,88.364,5.972852169649122,31.47876285843849,25.0042176798146
2024-06-02,Kolkata,22.573,88.364,1.765296523901505,30.935601777662104,22.667119077981898
2024-06-03,Kolkata,22.573,88.364,1.3508294358526565,31.615831770823988,23.556961129702877
2024-06-04,Kolkata,22.573,88.364,0.48807491947703296,32.86880329850645,25.719396790662966
2024-06-05,Kolkata,22.573,88.364,10.885106551196973,31.39966461097693,23.331088203533277
2024-06-06,Kolkata,22.573,88.364,8.25400723700735,31.706424962384435,24.055088976795545
2024-06-07,Kolkata,22.573,88.364,4.349564142048491,30.32038848697256,23.644024641441487
2024-06-08,Kolkata,22.573,88.364,2.7704547422934938,32.26448908600441,26.103651379093563
2024-06-09,Kolkata,22.573,88.364,1.534698009775898,29.277744924738435,21.329997209808575
2024-06-10,Kolkata,22.573,88.364,8.348774964781956,31.110812973252113,23.908635123193665
2024-06-11,Kolkata,22.573,88.364,2.802329924043746,30.52443415486309,22.863359613399965
2024-06-12,Kolkata,22.573,88.364,6.369941855100239,28.14713196581218,21.01123237894839
2024-06-13,Kolkata,22.573,88.364,10.136377369362085,30.34182072035183,22.389545929817135
2024-06-14,Kolkata,22.573,88.364,5.126185886756362,30.177870977631216,23.80583440858155
2024-06-15,Kolkata,22.573,88.364,4.52185088806526,29.078655797382716,21.5919618006595
2024-06-16,Kolkata,22.573,88.364,3.7958196499454226,27.353096868704537,20.869110220156585
2024-06-17,Kolkata,22.573,88.364,14.401532098971009,28.70968504109866,21.95688692596722
2024-06-18,Kolkata,22.573,88.364,13.963006778635975,28.853329416136354,21.21360347829824
2024-06-19,Kolkata,22.573,88.364,1.6859558729584343,30.052542445046708,24.493334925597697
2024-06-20,Kolkata,22.573,88.364,4.445206418381032,31.2540021002827,23.911958515219084
2024-06-21,Kolkata,22.573,88.364,1.5786268102005363,29.76588451625782,23.540480990154855
2024-06-22,Kolkata,22.573,88.364,9.078126594461322,28.8868620608952,20.568640348011623
2024-06-23,Kolkata,22.573,88.364,8.963629786921102,27.70313329844646,21.219223448575356
2024-06-24,Kolkata,22.573,88.364,1.1721861077881857,27.025498488542667,18.543316199190443
2024-06-25,Kolkata,22.573,88.364,5.622625732401754,26.573553792774582,19.852116205530436
2024-06-26,Kolkata,22.573,88.364,2.0178986846709015,26.497539705798875,18.790799580928766
2024-06-27,Kolkata,22.573,88.364,6.221366342105197,29.514760093994163,22.551808065829473
2024-06-28,Kolkata,22.573,88.364,0.874339050133043,27.685115705710828,21.266613996667967
2024-01-01,Guwahati,26.144,91.736,1.2575406788584247,26.78575019471452,18.753152965182025
2024-01-02,Guwahati,26.144,91.736,1.9980222180012839,27.437318884642192,19.360469822366202
2024-01-03,Guwahati,26.144,91.736,0.32836883850608256,27.207404393504028,19.689476228942734
2024-01-04,Guwahati,26.144,91.736,2.0557592372358076,29.188827384801357,21.874385034732533
2024-01-05,Guwahati,26.144,91.736,8.286434971449603,29.36372810403944,22.569083703273908
2024-01-06,Guwahati,26.144,91.736,5.8532200009133,28.565062393973,21.84340997571917
2024-01-07,Guwahati,26.144,91.736,2.2750644765952543,26.899053277729152,19.90249939160368
2024-01-08,Guwahati,26.144,91.736,2.973286321725024,27.64350875448339,20.895305798955057
2024-01-09,Guwahati,26.144,91.736,2.5240037980269268,28.342861722892167,20.462409456468045
2024-01-10,Guwahati,26.144,91.736,0.2594939279552607,29.090196626988117,22.51155506067178
2024-01-11,Guwahati,26.144,91.736,5.12836848976672,27.045457342399605,21.624274491850542
2024-01-12,Guwahati,26.144,91.736,0.9147913655855094,28.028685030993874,21.092423222407923
2024-01-13,Guwahati,26.144,91.736,1.6160601888813466,29.19165072333453,21.83301890441914
2024-01-14,Guwahati,26.144,91.736,0.943093577502584,27.746737298212356,21.088722131909027
2024-01-15,Guwahati,26.144,91.736,20.944984508310757,30.238249290135283,23.169763451942366
2024-01-16,Guwahati,26.144,91.736,0.17699405858953837,31.089356841458635,23.45755197735881
2024-01-17,Guwahati,26.144,91.736,1.5930436521315483,28.44865339491731,20.467238407276003
2024-01-18,Guwahati,26.144,91.736,3.3188765841744576,29.006109104381302,21.381156283463696
2024-01-19,Guwahati,26.144,91.736,5.651275336488561,29.852176709830335,23.329733427677443
2024-01-20,Guwahati,26.144,91.736,3.123435425055739,30.800835848197806,24.335394123043912
2024-01-21,Guwahati,26.144,91.736,3.154059612220468,29.466473260509854,21.777926825978234
2024-01-22,Guwahati,26.144,91.736,7.201539944505103,31.117594461989494,24.34227794096991
2024-01-23,Guwahati,26.144,91.736,3.9260240825337838,31.85806733937182,25.58704974352434
2024-01-24,Guwahati,26.144,91.736,3.4479503819568307,31.172675162856056,24.678576116908694
2024-01-25,Guwahati,26.144,91.736,5.011642146844415,30.175892418077517,23.736973088753377
2024-01-26,Guwahati,26.144,91.736,4.184229865748624,30.63093506176566,24.866494644260598
2024-01-27,Guwahati,26.144,91.736,1.8990146784861501,29.466631156786413,21.860541777152616
2024-01-28,Guwahati,26.144,91.736,0.3618354807203509,34.883433356341776,27.590090321421357
2024-01-29,Guwahati,26.144,91.736,0.40004627172379414,30.800586026787993,24.840063571230825
2024-01-30,Guwahati,26.144,91.736,3.0807171852350494,31.605189685956013,25.211411094704964
2024-01-31,Guwahati,26.144,91.736,3.29967179807872,31.722549405645914,23.705065258045206
2024-02-01,Guwahati,26.144,91.736,6.018803521283363,31.567002458460795,25.17451062552539
2024-02-02,Guwahati,26.144,91.736,5.603413571264264,32.1569174615399,26.092714406328312
2024-02-03,Guwahati,26.144,91.736,9.363199601022211,33.479109951281515,27.079448794804378
2024-02-04,Guwahati,26.144,91.736,2.7287904992265117,32.997471299680186,26.434342684345328
2024-02-05,Guwahati,26.144,91.736,10.766442536362348,31.528045480483023,24.895965693529238
2024-02-06,Guwahati,26.144,91.736,4.098968965238849,33.18421330111995,24.702274969128784
2024-02-07,Guwahati,26.144,91.736,1.4870872961481532,35.03770967342385,27.065184578646278
2024-02-08,Guwahati,26.144,91.736,3.1878645769141407,35.09441049417296,27.70011533591344
2024-02-09,Guwahati,26.144,91.736,2.7253133124285887,32.611453607178895,26.189214974352062
2024-02-10,Guwahati,26.144,91.736,7.832735388445994,31.89399451532023,25.56535559944204
2024-02-11,Guwahati,26.144,91.736,4.344638593113181,32.35626101900303,25.179736160410002
2024-02-12,Guwahati,26.144,91.736,6.062518853439993,30.193646291820805,22.528237352410557
2024-02-13,Guwahati,26.144,91.736,5.365169114940483,33.911643270352336,27.12567549925358
2024-02-14,Guwahati,26.144,91.736,3.4020807139929308,33.211365119656094,27.13035899951429
2024-02-15,Guwahati,26.144,91.736,2.078352599691776,33.798862865569625,28.04714360946919
2024-02-16,Guwahati,26.144,91.736,3.4518070814978863,35.1245341680241,28.07353075603158
2024-02-17,Guwahati,26.144,91.736,3.810067188253443,33.40081716943516,27.084209057896622
2024-02-18,Guwahati,26.144,91.736,5.861859503817734,32.41344702936455,24.63945496746436
2024-02-19,Guwahati,26.144,91.736,1.9994133033272994,34.151991958306624,27.61451589179824
2024-02-20,Guwahati,26.144,91.736,4.146960861645611,33.65455961072671,25.548369074487805
2024-02-21,Guwahati,26.144,91.736,4.372424436935317,36.11694189442079,29.185741146424963
2024-02-22,Guwahati,26.144,91.736,31.95466596179302,32.95567654519544,26.42856175673988
2024-02-23,Guwahati,26.144,91.736,2.1050604704038647,33.53705239137306,26.610273542764148
2024-02-24,Guwahati,26.144,91.736,0.2970564160106108,33.98781363181313,26.66127509102197
2024-02-25,Guwahati,26.144,91.736,6.873922491250607,34.84660101115205,26.8995937335039
2024-02-26,Guwahati,26.144,91.736,17.195504651600988,32.686773807711724,26.02067045013719
2024-02-27,Guwahati,26.144,91.736,17.4329132645987,34.675353758793634,27.68938328013208
2024-02-28,Guwahati,26.144,91.736,1.4350863434936745,32.54162627547527,24.51865830125377
2024-02-29,Guwahati,26.144,91.736,6.913188355909153,34.36928967595181,26.327831474174936
2024-03-01,Guwahati,26.144,91.736,6.300658461715189,35.65759597710146,28.91657109356471
2024-03-02,Guwahati,26.144,91.736,13.092648229323833,34.01480705190283,26.229937325409807
2024-03-03,Guwahati,26.144,91.736,3.1060971683321053,33.04815519816772,25.075752911091165
2024-03-04,Guwahati,26.144,91.736,0.7659297922133061,32.6173260569137,26.119321174251173
2024-03-05,Guwahati,26.144,91.736,6.385252940791821,34.63977836984926,26.421926985362813
2024-03-06,Guwahati,26.144,91.736,3.753158351641964,36.73423106783737,28.45833085662489
2024-03-07,Guwahati,26.144,91.736,1.3678768073598746,31.950713272703233,26.03278840050847
2024-03-08,Guwahati,26.144,91.736,26.591873727329453,32.10447114628523,23.31493074730441
2024-03-09,Guwahati,26.144,91.736,3.658843268966033,32.84398385005896,26.021084053239946
2024-03-10,Guwahati,26.144,91.736,6.677341234479579,33.17711412751399,25.29581666385458
2024-03-11,Guwahati,26.144,91.736,8.309821811338812,34.54786642638008,28.179926865957867
2024-03-12,Guwahati,26.144,91.736,0.7302405010367458,32.495101528298605,24.65008920166607
2024-03-13,Guwahati,26.144,91.736,8.814279868027896,34.63532132272485,27.952510776653583
2024-03-14,Guwahati,26.144,91.736,5.53516211212189,33.789264729938864,26.84374550068904
2024-03-15,Guwahati,26.144,91.736,14.592962622618948,32.7645263555749,25.09426774855278
2024-03-16,Guwahati,26.144,91.736,8.29086744742373,32.96814191291603,27.014474411939904
2024-03-17,Guwahati,26.144,91.736,0.21519590528449967,32.874936084047576,25.293340586121698
2024-03-18,Guwahati,26.144,91.736,24.484461295516297,32.32319660448496,25.343966295231766
2024-03-19,Guwahati,26.144,91.736,10.020200452980692,31.70260197515707,25.75022248436859
2024-03-20,Guwahati,26.144,91.736,12.773616255861953,32.031385477526364,24.839808625433303
2024-03-21,Guwahati,26.144,91.736,1.7477978767771196,31.20014193556349,23.705698410135323
2024-03-22,Guwahati,26.144,91.736,1.2598918127142635,32.588432881623376,25.776109346338124
2024-03-23,Guwahati,26.144,91.736,15.688495003221163,32.54812715916919,25.79829722258903
2024-03-24,Guwahati,26.144,91.736,3.233051706262566,32.986848306697524,26.248777182855555
2024-03-25,Guwahati,26.144,91.736,3.192320590644419,30.275311471059936,22.630577248165782
2024-03-26,Guwahati,26.144,91.736,2.086849109550842,32.3010143292733,26.258316624462907
2024-03-27,Guwahati,26.144,91.736,1.4273865095447562,30.385283019472197,23.141345282720867
2024-03-28,Guwahati,26.144,91.736,1.8742316882814534,30.66158175582715,24.47091008679247
2024-03-29,Guwahati,26.144,91.736,3.077606459833108,29.81905564713442,23.021619255370698
2024-03-30,Guwahati,26.144,91.736,8.337292891974515,33.85368411473025,27.997514076706583
2024-03-31,Guwahati,26.144,91.736,2.8083155122569368,31.572146070882553,23.901730726542006
2024-04-01,Guwahati,26.144,91.736,9.886149634375904,31.155237532940664,24.704800467157316
2024-04-02,Guwahati,26.144,91.736,14.086805086591868,30.54856434914416,24.755540047802224
2024-04-03,Guwahati,26.144,91.736,8.329819756778358,30.525110533003403,23.681415265754442
2024-04-04,Guwahati,26.144,91.736,5.059503370498532,28.50072873608082,20.790816718478858
2024-04-05,Guwahati,26.144,91.736,1.1685990329954885,30.944539656037367,23.809396330977577
2024-04-06,Guwahati,26.144,91.736,4.23753838246705,29.458651696650637,22.92845782604651
2024-04-07,Guwahati,26.144,91.736,5.875908267956328,30.035118934098683,24.794197216884548
2024-04-08,Guwahati,26.144,91.736,3.3561113446258117,29.460086153381457,22.533827839402925
2024-04-09,Guwahati,26.144,91.736,2.8905027339605756,27.763127227111156,19.993022847042393
2024-04-10,Guwahati,26.144,91.736,2.8479051063758054,28.641895214279433,21.500284345418283
2024-04-11,Guwahati,26.144,91.736,3.4426654964738197,29.027935740735845,22.347218304974447
2024-04-12,Guwahati,26.144,91.736,1.7932034069136282,29.42335457458034,23.116008177124197
2024-04-13,Guwahati,26.144,91.736,5.838307962143402,28.6798992525472,21.875850634182775
2024-04-14,Guwahati,26.144,91.736,7.463831541097327,27.869678839701475,21.014823958061765
2024-04-15,Guwahati,26.144,91.736,4.410179368832881,28.360279509768656,21.285080490385628
2024-04-16,Guwahati,26.144,91.736,0.0687361054472447,28.088109695048658,20.959875340790244
2024-04-17,Guwahati,26.144,91.736,9.011120490399449,27.11512151443849,18.025364875783023
2024-04-18,Guwahati,26.144,91.736,1.7235016730821988,27.321564317095934,21.20770618868294
2024-04-19,Guwahati,26.144,91.736,5.850442902487783,27.318968914238564,21.139920648724054
2024-04-20,Guwahati,26.144,91.736,2.698237186340546,25.535880050828695,18.182828455712148
2024-04-21,Guwahati,26.144,91.736,5.186976452163088,27.502696079537767,19.890411667441523
2024-04-22,Guwahati,26.144,91.736,0.6228287973783612,25.146523910994397,18.58679999211831
2024-04-23,Guwahati,26.144,91.736,5.234414566234619,26.83788364889646,20.289836171733914
2024-04-24,Guwahati,26.144,91.736,2.9854090998566374,29.161699980472136,21.880356476783724
2024-04-25,Guwahati,26.144,91.736,4.869006542408671,28.315206115697137,22.4902171114208
2024-04-26,Guwahati,26.144,91.736,2.5122760662414176,27.2985956726651,19.784368816952522
2024-04-27,Guwahati,26.144,91.736,3.896715956735247,25.745695001488606,19.647249516058444
2024-04-28,Guwahati,26.144,91.736,5.32638934006592,25.44681241029457,17.93033512832843
2024-04-29,Guwahati,26.144,91.736,4.343994192934525,26.609316413992303,20.20679386249974
2024-04-30,Guwahati,26.144,91.736,2.0654068804684313,25.673680467391694,18.502595986596564
2024-05-01,Guwahati,26.144,91.736,0.7084411103761883,24.980227259925947,18.260044714097994
2024-05-02,Guwahati,26.144,91.736,2.018739888641619,25.034103958609553,19.14040174984214
2024-05-03,Guwahati,26.144,91.736,2.5649226467682,26.000338926313173,18.883447701037536
2024-05-04,Guwahati,26.144,91.736,1.4052567085408145,23.297719850579547,16.373175975684426
2024-05-05,Guwahati,26.144,91.736,9.072477329297218,23.30427599480669,15.987541623278213
2024-05-06,Guwahati,26.144,91.736,6.361996361207295,24.25928916397006,16.71109491822684
2024-05-07,Guwahati,26.144,91.736,1.0829212462362445,26.757980507471068,20.599918917710404
2024-05-08,Guwahati,26.144,91.736,2.919433910499768,23.449542802132793,16.876144419103802
2024-05-09,Guwahati,26.144,91.736,0.3441317856315534,25.303779944982605,17.393704748692453
2024-05-10,Guwahati,26.144,91.736,0.5605599137913496,25.44386529256179,19.293080308892794
2024-05-11,Guwahati,26.144,91.736,3.1446379900290453,23.84980572795141,15.993080131275795
2024-05-12,Guwahati,26.144,91.736,1.0541734560926104,25.060126135215842,16.380204546635746
2024-05-13,Guwahati,26.144,91.736,0.7415652831831835,24.667466278044703,16.533859147562314
2024-05-14,Guwahati,26.144,91.736,9.590239522967483,24.955233843837398,18.274853648673506
2024-05-15,Guwahati,26.144,91.736,1.1876811537003578,26.967157773307605,20.769722469001806
2024-05-16,Guwahati,26.144,91.736,3.4703593755048336,23.149860247459905,17.171884400852125
2024-05-17,Guwahati,26.144,91.736,0.6530784733550855,22.32492718291626,13.692240102398243
2024-05-18,Guwahati,26.144,91.736,2.246872831033167,21.849283672622924,15.281771274980585
2024-05-19,Guwahati,26.144,91.736,7.929019915656306,23.877396837794826,16.884473083152383
2024-05-20,Guwahati,26.144,91.736,3.5035806394249875,23.729693879685705,16.757036052265363
2024-05-21,Guwahati,26.144,91.736,2.1561303368835154,23.94392225577819,16.847854059723193
2024-05-22,Guwahati,26.144,91.736,4.89975891519175,24.64414941035756,19.019436666375903
2024-05-23,Guwahati,26.144,91.736,1.0825220146976253,24.695922904988713,20.312743802760384
2024-05-24,Guwahati,26.144,91.736,0.3742374568599856,24.52714643784635,17.844933680229545
2024-05-25,Guwahati,26.144,91.736,6.935913044553743,25.09623770954457,19.026208113290167
2024-05-26,Guwahati,26.144,91.736,2.959999238407894,25.691471634133222,19.674931579185554
2024-05-27,Guwahati,26.144,91.736,2.720259180446292,24.271405357478482,17.20841672368698
2024-05-28,Guwahati,26.144,91.736,2.814451795913737,22.985852090124027,15.146978774261953
2024-05-29,Guwahati,26.144,91.736,0.6968210291686324,23.98182812839397,17.15410316302497
2024-05-30,Guwahati,26.144,91.736,2.5232400568011486,25.789134865293732,18.57496620365575
2024-05-31,Guwahati,26.144,91.736,1.0287905545877065,21.84875271354008,14.216325153761744
2024-06-01,Guwahati,26.144,91.736,3.710943782365332,25.421903973327506,19.630813226414816
2024-06-02,Guwahati,26.144,91.736,1.1183340127297268,25.457962688703386,18.08453133826857
2024-06-03,Guwahati,26.144,91.736,3.460226467523907,23.582130233888456,15.942661062428478
2024-06-04,Guwahati,26.144,91.736,2.2799539856240347,23.98041484431442,15.963415516384497
2024-06-05,Guwahati,26.144,91.736,0.4628491967760796,26.466233851302434,19.78121385075395
2024-06-06,Guwahati,26.144,91.736,1.1390564187590162,24.02362271479738,16.720994540906016
2024-06-07,Guwahati,26.144,91.736,0.5665982791566996,21.327411297314075,14.96569865753749
2024-06-08,Guwahati,26.144,91.736,1.0709986754927125,26.474314213465206,18.903009339705164
2024-06-09,Guwahati,26.144,91.736,0.8396099770965605,25.01477946639618,17.661294840561887
2024-06-10,Guwahati,26.144,91.736,0.21340342535307694,26.135850236970178,19.19567166827859
2024-06-11,Guwahati,26.144,91.736,2.73442627441128,23.892302234409602,18.23435779430993
2024-06-12,Guwahati,26.144,91.736,1.53114665894187,26.089778917369603,18.511890630275694
2024-06-13,Guwahati,26.144,91.736,0.9911206737972563,24.870589043429412,18.078278121751982
2024-06-14,Guwahati,26.144,91.736,8.980849445045868,22.117488450062893,15.378527604808141
2024-06-15,Guwahati,26.144,91.736,2.01682279874455,25.52157890398207,18.71833675149901
2024-06-16,Guwahati,26.144,91.736,1.925535641883875,25.92317952131466,18.489514883559057
2024-06-17,Guwahati,26.144,91.736,0.6745478655000666,24.443718896945132,17.523833226913194
2024-06-18,Guwahati,26.144,91.736,0.2844616061836342,24.30260306080003,16.94862470652002
2024-06-19,Guwahati,26.144,91.736,5.0100596518891765,26.228649707956176,17.811685837242685
2024-06-20,Guwahati,26.144,91.736,8.632181021181799,27.509123299233945,21.326358392019134
2024-06-21,Guwahati,26.144,91.736,3.6369580002250634,25.98910136216216,18.61236423364627
2024-06-22,Guwahati,26.144,91.736,2.2849579680750307,23.497094109636436,17.394521430424106
2024-06-23,Guwahati,26.144,91.736,2.09329550469959,25.410991170987867,18.69775883208128
2024-06-24,Guwahati,26.144,91.736,0.8331096753711963,26.71545019460182,20.130732592967277
2024-06-25,Guwahati,26.144,91.736,1.9322707668383374,26.48050626215929,18.308880367508422
2024-06-26,Guwahati,26.144,91.736,0.7191558818002296,27.536599320632103,20.24651056028257
2024-06-27,Guwahati,26.144,91.736,1.5378954576318624,27.09993303467784,20.371128643057702
2024-06-28,Guwahati,26.144,91.736,1.712092150426504,24.209226156946475,17.984218582485322
